state,collection_date,positive,all_SGTF,sequenced_SGTF,B117
PR,2020-09-05,3,0,0,0
VA,2020-09-05,3,0,0,0
FL,2020-09-06,8,0,0,0
CA,2020-09-07,8,0,0,0
AL,2020-09-08,3,0,0,0
CA,2020-09-08,74,0,0,0
FL,2020-09-08,176,0,0,0
IL,2020-09-08,4,0,0,0
LA,2020-09-08,3,0,0,0
MO,2020-09-08,3,0,0,0
OH,2020-09-08,3,0,0,0
SC,2020-09-08,3,0,0,0
TX,2020-09-08,12,0,0,0
CA,2020-09-09,71,0,0,0
FL,2020-09-09,137,0,0,0
GA,2020-09-09,3,0,0,0
TX,2020-09-09,3,0,0,0
CA,2020-09-10,63,0,0,0
FL,2020-09-10,126,0,0,0
GA,2020-09-10,3,0,0,0
TX,2020-09-10,4,0,0,0
CA,2020-09-11,63,0,0,0
FL,2020-09-11,134,0,0,0
TX,2020-09-11,6,0,0,0
CA,2020-09-12,31,0,0,0
FL,2020-09-12,140,0,0,0
MN,2020-09-12,4,0,0,0
NC,2020-09-12,3,0,0,0
CA,2020-09-13,38,0,0,0
FL,2020-09-13,120,0,0,0
CA,2020-09-14,81,2,0,0
FL,2020-09-14,161,0,0,0
GA,2020-09-14,3,0,0,0
AL,2020-09-15,3,0,0,0
AZ,2020-09-15,3,0,0,0
CA,2020-09-15,57,0,0,0
FL,2020-09-15,137,0,0,0
GA,2020-09-15,4,0,0,0
IL,2020-09-15,6,0,0,0
MN,2020-09-15,3,0,0,0
MO,2020-09-15,4,0,0,0
NC,2020-09-15,5,0,0,0
SC,2020-09-15,3,0,0,0
TX,2020-09-15,9,0,0,0
VA,2020-09-15,5,0,0,0
CA,2020-09-16,85,0,0,0
FL,2020-09-16,129,0,0,0
MN,2020-09-16,7,0,0,0
CA,2020-09-17,63,1,0,0
FL,2020-09-17,121,0,0,0
GA,2020-09-17,7,0,0,0
KY,2020-09-17,3,0,0,0
LA,2020-09-17,3,0,0,0
MN,2020-09-17,19,0,0,0
TX,2020-09-17,3,0,0,0
UT,2020-09-17,3,0,0,0
AL,2020-09-18,3,0,0,0
AZ,2020-09-18,14,0,0,0
CA,2020-09-18,57,0,0,0
FL,2020-09-18,114,0,0,0
GA,2020-09-18,10,0,0,0
MN,2020-09-18,16,0,0,0
TX,2020-09-18,51,0,0,0
WI,2020-09-18,3,0,0,0
AZ,2020-09-19,12,0,0,0
CA,2020-09-19,47,0,0,0
FL,2020-09-19,133,0,0,0
GA,2020-09-19,25,0,0,0
IL,2020-09-19,4,0,0,0
MN,2020-09-19,16,0,0,0
NC,2020-09-19,3,0,0,0
TX,2020-09-19,71,0,0,0
WI,2020-09-19,3,0,0,0
AZ,2020-09-20,10,0,0,0
CA,2020-09-20,28,0,0,0
FL,2020-09-20,130,0,0,0
GA,2020-09-20,20,0,0,0
IL,2020-09-20,4,0,0,0
MN,2020-09-20,13,0,0,0
TX,2020-09-20,63,0,0,0
AZ,2020-09-21,17,0,0,0
CA,2020-09-21,67,0,0,0
FL,2020-09-21,149,1,0,0
GA,2020-09-21,19,0,0,0
LA,2020-09-21,3,0,0,0
MN,2020-09-21,53,0,0,0
TX,2020-09-21,94,0,0,0
AZ,2020-09-22,22,0,0,0
CA,2020-09-22,49,0,0,0
FL,2020-09-22,111,0,0,0
GA,2020-09-22,28,0,0,0
IL,2020-09-22,5,0,0,0
LA,2020-09-22,4,0,0,0
MN,2020-09-22,29,0,0,0
NC,2020-09-22,4,0,0,0
TX,2020-09-22,99,0,0,0
WI,2020-09-22,4,0,0,0
AZ,2020-09-23,13,0,0,0
CA,2020-09-23,61,0,0,0
FL,2020-09-23,148,0,0,0
GA,2020-09-23,19,0,0,0
LA,2020-09-23,4,0,0,0
MN,2020-09-23,54,0,0,0
NJ,2020-09-23,3,0,0,0
TX,2020-09-23,101,0,0,0
WI,2020-09-23,5,0,0,0
AZ,2020-09-24,30,0,0,0
CA,2020-09-24,47,0,0,0
FL,2020-09-24,114,0,0,0
GA,2020-09-24,25,0,0,0
MN,2020-09-24,42,0,0,0
TN,2020-09-24,4,0,0,0
TX,2020-09-24,104,0,0,0
VA,2020-09-24,5,0,0,0
WI,2020-09-24,4,0,0,0
AZ,2020-09-25,13,0,0,0
CA,2020-09-25,52,0,0,0
FL,2020-09-25,103,0,0,0
GA,2020-09-25,17,0,0,0
MN,2020-09-25,18,0,0,0
SC,2020-09-25,3,0,0,0
TX,2020-09-25,114,0,0,0
AZ,2020-09-26,22,0,0,0
CA,2020-09-26,24,0,0,0
FL,2020-09-26,109,0,0,0
GA,2020-09-26,29,0,0,0
MN,2020-09-26,14,0,0,0
NV,2020-09-26,3,0,0,0
TX,2020-09-26,101,0,0,0
WI,2020-09-26,3,0,0,0
AZ,2020-09-27,16,0,0,0
CA,2020-09-27,32,1,0,0
FL,2020-09-27,123,1,0,0
GA,2020-09-27,13,0,0,0
MN,2020-09-27,23,0,0,0
TX,2020-09-27,97,0,0,0
AZ,2020-09-28,29,0,0,0
CA,2020-09-28,79,0,0,0
FL,2020-09-28,133,0,0,0
GA,2020-09-28,33,0,0,0
MN,2020-09-28,45,0,0,0
NC,2020-09-28,4,0,0,0
OK,2020-09-28,3,0,0,0
TX,2020-09-28,118,0,0,0
WI,2020-09-28,9,0,0,0
AZ,2020-09-29,24,0,0,0
CA,2020-09-29,59,1,0,0
CO,2020-09-29,4,0,0,0
FL,2020-09-29,103,0,0,0
GA,2020-09-29,31,0,0,0
IN,2020-09-29,4,0,0,0
LA,2020-09-29,5,0,0,0
MN,2020-09-29,36,0,0,0
SC,2020-09-29,4,0,0,0
TX,2020-09-29,112,0,0,0
AZ,2020-09-30,27,0,0,0
CA,2020-09-30,50,0,0,0
FL,2020-09-30,99,0,0,0
GA,2020-09-30,24,0,0,0
MN,2020-09-30,45,0,0,0
TX,2020-09-30,97,0,0,0
WI,2020-09-30,4,0,0,0
AZ,2020-10-01,28,0,0,0
CA,2020-10-01,51,0,0,0
DE,2020-10-01,3,0,0,0
FL,2020-10-01,120,0,0,0
GA,2020-10-01,26,0,0,0
KY,2020-10-01,3,0,0,0
LA,2020-10-01,3,0,0,0
MN,2020-10-01,34,0,0,0
SC,2020-10-01,3,0,0,0
TX,2020-10-01,106,0,0,0
WI,2020-10-01,3,0,0,0
AZ,2020-10-02,24,0,0,0
CA,2020-10-02,65,0,0,0
FL,2020-10-02,121,0,0,0
GA,2020-10-02,25,0,0,0
IL,2020-10-02,4,0,0,0
MN,2020-10-02,44,0,0,0
TX,2020-10-02,86,0,0,0
AZ,2020-10-03,47,0,0,0
CA,2020-10-03,42,0,0,0
FL,2020-10-03,166,0,0,0
GA,2020-10-03,22,0,0,0
MN,2020-10-03,4,0,0,0
NM,2020-10-03,3,0,0,0
TX,2020-10-03,135,0,0,0
AZ,2020-10-04,22,0,0,0
CA,2020-10-04,49,0,0,0
FL,2020-10-04,154,0,0,0
GA,2020-10-04,23,0,0,0
MN,2020-10-04,23,0,0,0
TX,2020-10-04,91,0,0,0
AZ,2020-10-05,31,0,0,0
CA,2020-10-05,82,0,0,0
FL,2020-10-05,184,0,0,0
GA,2020-10-05,30,0,0,0
MN,2020-10-05,51,0,0,0
NJ,2020-10-05,3,0,0,0
TX,2020-10-05,153,0,0,0
AZ,2020-10-06,27,0,0,0
CA,2020-10-06,72,2,0,0
FL,2020-10-06,180,1,0,0
GA,2020-10-06,22,0,0,0
IL,2020-10-06,5,0,0,0
IN,2020-10-06,4,0,0,0
KY,2020-10-06,3,0,0,0
MN,2020-10-06,42,1,0,0
NC,2020-10-06,6,0,0,0
OH,2020-10-06,4,0,0,0
OK,2020-10-06,3,0,0,0
SC,2020-10-06,5,0,0,0
TX,2020-10-06,136,1,0,0
WI,2020-10-06,4,0,0,0
AZ,2020-10-07,31,0,0,0
CA,2020-10-07,74,0,0,0
FL,2020-10-07,195,0,0,0
GA,2020-10-07,16,0,0,0
MN,2020-10-07,67,0,0,0
OH,2020-10-07,3,0,0,0
TX,2020-10-07,153,0,0,0
WI,2020-10-07,3,0,0,0
AZ,2020-10-08,27,0,0,0
CA,2020-10-08,79,0,0,0
FL,2020-10-08,236,0,0,0
GA,2020-10-08,11,0,0,0
IL,2020-10-08,3,0,0,0
IN,2020-10-08,5,0,0,0
LA,2020-10-08,3,0,0,0
MN,2020-10-08,38,0,0,0
NC,2020-10-08,5,0,0,0
OH,2020-10-08,3,0,0,0
TX,2020-10-08,146,0,0,0
WI,2020-10-08,6,0,0,0
AZ,2020-10-09,22,0,0,0
CA,2020-10-09,72,1,0,0
FL,2020-10-09,165,0,0,0
GA,2020-10-09,40,0,0,0
IL,2020-10-09,3,0,0,0
MA,2020-10-09,4,1,0,0
MN,2020-10-09,39,0,0,0
NC,2020-10-09,7,0,0,0
NJ,2020-10-09,3,0,0,0
PA,2020-10-09,5,0,0,0
TX,2020-10-09,115,0,0,0
WI,2020-10-09,8,0,0,0
AZ,2020-10-10,28,0,0,0
CA,2020-10-10,61,1,0,0
FL,2020-10-10,170,0,0,0
GA,2020-10-10,48,0,0,0
MA,2020-10-10,10,0,0,0
MN,2020-10-10,20,0,0,0
NC,2020-10-10,12,0,0,0
OH,2020-10-10,3,0,0,0
PA,2020-10-10,7,0,0,0
TX,2020-10-10,130,0,0,0
AZ,2020-10-11,16,0,0,0
CA,2020-10-11,58,0,0,0
FL,2020-10-11,152,0,0,0
GA,2020-10-11,35,0,0,0
MA,2020-10-11,11,0,0,0
MN,2020-10-11,19,1,0,0
NC,2020-10-11,10,0,0,0
PA,2020-10-11,6,0,0,0
TX,2020-10-11,104,0,0,0
AZ,2020-10-12,34,1,0,0
CA,2020-10-12,142,3,0,0
FL,2020-10-12,229,0,0,0
GA,2020-10-12,34,0,0,0
MA,2020-10-12,10,0,0,0
MN,2020-10-12,67,1,0,0
NC,2020-10-12,37,0,0,0
NJ,2020-10-12,3,0,0,0
PA,2020-10-12,13,0,0,0
TN,2020-10-12,4,0,0,0
TX,2020-10-12,116,0,0,0
AZ,2020-10-13,23,0,0,0
CA,2020-10-13,107,0,0,0
FL,2020-10-13,266,0,0,0
GA,2020-10-13,67,0,0,0
IL,2020-10-13,7,0,0,0
IN,2020-10-13,7,0,0,0
LA,2020-10-13,10,0,0,0
MA,2020-10-13,15,0,0,0
MN,2020-10-13,51,0,0,0
MO,2020-10-13,3,0,0,0
NC,2020-10-13,32,0,0,0
NY,2020-10-13,3,0,0,0
OH,2020-10-13,4,0,0,0
PA,2020-10-13,30,0,0,0
SC,2020-10-13,4,0,0,0
TN,2020-10-13,5,0,0,0
TX,2020-10-13,141,0,0,0
AZ,2020-10-14,21,0,0,0
CA,2020-10-14,79,2,0,0
FL,2020-10-14,302,1,0,0
GA,2020-10-14,43,0,0,0
LA,2020-10-14,4,0,0,0
MA,2020-10-14,17,3,0,0
MN,2020-10-14,102,0,0,0
NC,2020-10-14,33,0,0,0
NJ,2020-10-14,3,0,0,0
PA,2020-10-14,27,0,0,0
TX,2020-10-14,140,0,0,0
WI,2020-10-14,5,0,0,0
AL,2020-10-15,3,0,0,0
AZ,2020-10-15,33,0,0,0
CA,2020-10-15,115,0,0,0
FL,2020-10-15,305,2,0,0
GA,2020-10-15,66,0,0,0
IL,2020-10-15,5,0,0,0
IN,2020-10-15,6,0,0,0
KY,2020-10-15,4,0,0,0
LA,2020-10-15,8,0,0,0
MA,2020-10-15,19,1,0,0
MN,2020-10-15,72,1,0,0
NC,2020-10-15,47,0,0,0
NV,2020-10-15,3,0,0,0
OH,2020-10-15,3,0,0,0
PA,2020-10-15,21,0,0,0
SC,2020-10-15,7,0,0,0
TN,2020-10-15,4,0,0,0
TX,2020-10-15,116,1,0,0
WI,2020-10-15,10,0,0,0
AL,2020-10-16,3,0,0,0
AZ,2020-10-16,37,0,0,0
CA,2020-10-16,91,0,0,0
FL,2020-10-16,288,0,0,0
GA,2020-10-16,51,0,0,0
MA,2020-10-16,13,1,0,0
MN,2020-10-16,43,0,0,0
NC,2020-10-16,32,0,0,0
PA,2020-10-16,21,0,0,0
RI,2020-10-16,5,1,0,0
TX,2020-10-16,110,0,0,0
WI,2020-10-16,3,0,0,0
AZ,2020-10-17,38,0,0,0
CA,2020-10-17,80,2,0,0
FL,2020-10-17,249,0,0,0
GA,2020-10-17,69,0,0,0
IL,2020-10-17,8,0,0,0
LA,2020-10-17,9,0,0,0
MA,2020-10-17,21,0,0,0
MN,2020-10-17,15,0,0,0
NC,2020-10-17,37,0,0,0
NJ,2020-10-17,4,0,0,0
PA,2020-10-17,27,0,0,0
RI,2020-10-17,4,1,0,0
TX,2020-10-17,119,0,0,0
WI,2020-10-17,5,0,0,0
AZ,2020-10-18,22,0,0,0
CA,2020-10-18,106,0,0,0
FL,2020-10-18,196,0,0,0
GA,2020-10-18,45,0,0,0
MA,2020-10-18,16,0,0,0
MN,2020-10-18,24,0,0,0
NC,2020-10-18,23,0,0,0
PA,2020-10-18,28,0,0,0
RI,2020-10-18,5,0,0,0
TX,2020-10-18,89,0,0,0
AZ,2020-10-19,34,0,0,0
CA,2020-10-19,138,0,0,0
FL,2020-10-19,308,0,0,0
GA,2020-10-19,62,0,0,0
MA,2020-10-19,31,1,0,0
MN,2020-10-19,78,0,0,0
NC,2020-10-19,33,0,0,0
NM,2020-10-19,3,0,0,0
PA,2020-10-19,23,0,0,0
RI,2020-10-19,3,1,0,0
TX,2020-10-19,135,0,0,0
WI,2020-10-19,5,0,0,0
AL,2020-10-20,3,0,0,0
AZ,2020-10-20,38,0,0,0
CA,2020-10-20,123,0,0,0
FL,2020-10-20,334,2,0,0
GA,2020-10-20,49,0,0,0
IL,2020-10-20,8,0,0,0
IN,2020-10-20,6,0,0,0
KY,2020-10-20,3,0,0,0
LA,2020-10-20,5,0,0,0
MA,2020-10-20,22,0,0,0
MN,2020-10-20,71,0,0,0
NC,2020-10-20,37,0,0,0
OH,2020-10-20,4,0,0,0
PA,2020-10-20,22,0,0,0
SC,2020-10-20,7,0,0,0
TX,2020-10-20,135,0,0,0
WI,2020-10-20,3,0,0,0
AL,2020-10-21,3,0,0,0
AZ,2020-10-21,42,0,0,0
CA,2020-10-21,108,1,0,0
FL,2020-10-21,378,0,0,0
GA,2020-10-21,75,0,0,0
ID,2020-10-21,3,0,0,0
IL,2020-10-21,5,0,0,0
MA,2020-10-21,31,0,0,0
MN,2020-10-21,130,0,0,0
NC,2020-10-21,41,0,0,0
NJ,2020-10-21,5,0,0,0
PA,2020-10-21,28,0,0,0
RI,2020-10-21,7,1,0,0
TX,2020-10-21,154,0,0,0
WI,2020-10-21,11,0,0,0
AL,2020-10-22,4,0,0,0
AZ,2020-10-22,45,0,0,0
CA,2020-10-22,141,1,0,0
CO,2020-10-22,3,0,0,0
FL,2020-10-22,379,0,0,0
GA,2020-10-22,60,0,0,0
IL,2020-10-22,3,0,0,0
IN,2020-10-22,4,0,0,0
KY,2020-10-22,3,0,0,0
LA,2020-10-22,3,0,0,0
MA,2020-10-22,40,0,0,0
MN,2020-10-22,87,0,0,0
NC,2020-10-22,37,0,0,0
OH,2020-10-22,5,0,0,0
PA,2020-10-22,30,0,0,0
RI,2020-10-22,4,0,0,0
SC,2020-10-22,3,0,0,0
TX,2020-10-22,144,0,0,0
WI,2020-10-22,5,0,0,0
AL,2020-10-23,3,0,0,0
AZ,2020-10-23,49,0,0,0
CA,2020-10-23,133,0,0,0
FL,2020-10-23,303,0,0,0
GA,2020-10-23,86,0,0,0
IL,2020-10-23,6,0,0,0
IN,2020-10-23,60,0,0,0
LA,2020-10-23,11,0,0,0
MA,2020-10-23,37,1,0,0
MI,2020-10-23,44,0,0,0
MN,2020-10-23,83,0,0,0
NC,2020-10-23,102,0,0,0
NY,2020-10-23,5,0,0,0
OH,2020-10-23,3,0,0,0
PA,2020-10-23,42,0,0,0
TX,2020-10-23,111,0,0,0
WI,2020-10-23,4,0,0,0
AL,2020-10-24,3,0,0,0
AZ,2020-10-24,47,0,0,0
CA,2020-10-24,92,0,0,0
FL,2020-10-24,305,0,0,0
GA,2020-10-24,88,0,0,0
IL,2020-10-24,6,0,0,0
IN,2020-10-24,116,0,0,0
LA,2020-10-24,12,0,0,0
MA,2020-10-24,36,1,0,0
MD,2020-10-24,3,0,0,0
MI,2020-10-24,49,0,0,0
MN,2020-10-24,19,0,0,0
NC,2020-10-24,94,0,0,0
PA,2020-10-24,37,0,0,0
TX,2020-10-24,134,0,0,0
WI,2020-10-24,4,0,0,0
AZ,2020-10-25,34,0,0,0
CA,2020-10-25,101,0,0,0
FL,2020-10-25,298,0,0,0
GA,2020-10-25,73,0,0,0
IL,2020-10-25,10,0,0,0
IN,2020-10-25,115,0,0,0
LA,2020-10-25,5,0,0,0
MA,2020-10-25,17,0,0,0
MI,2020-10-25,68,0,0,0
MN,2020-10-25,41,0,0,0
MO,2020-10-25,3,0,0,0
NC,2020-10-25,73,0,0,0
OH,2020-10-25,3,0,0,0
PA,2020-10-25,24,0,0,0
TX,2020-10-25,99,0,0,0
AL,2020-10-26,3,0,0,0
AZ,2020-10-26,40,0,0,0
CA,2020-10-26,151,0,0,0
FL,2020-10-26,375,0,0,0
GA,2020-10-26,94,0,0,0
IL,2020-10-26,8,0,0,0
IN,2020-10-26,154,0,0,0
LA,2020-10-26,6,0,0,0
MA,2020-10-26,24,1,0,0
MI,2020-10-26,66,0,0,0
MN,2020-10-26,163,0,0,0
NC,2020-10-26,111,0,0,0
NV,2020-10-26,3,0,0,0
PA,2020-10-26,48,0,0,0
RI,2020-10-26,3,0,0,0
SC,2020-10-26,6,0,0,0
TX,2020-10-26,149,0,0,0
WI,2020-10-26,14,0,0,0
AL,2020-10-27,3,0,0,0
AZ,2020-10-27,57,1,0,0
CA,2020-10-27,146,0,0,0
FL,2020-10-27,401,1,0,0
GA,2020-10-27,115,0,0,0
IL,2020-10-27,17,0,0,0
IN,2020-10-27,117,0,0,0
KY,2020-10-27,5,0,0,0
LA,2020-10-27,6,0,0,0
MA,2020-10-27,23,0,0,0
MI,2020-10-27,91,0,0,0
MN,2020-10-27,87,1,0,0
NC,2020-10-27,92,0,0,0
OH,2020-10-27,3,0,0,0
PA,2020-10-27,34,0,0,0
SC,2020-10-27,4,0,0,0
TN,2020-10-27,5,0,0,0
TX,2020-10-27,108,0,0,0
WI,2020-10-27,7,0,0,0
AL,2020-10-28,6,0,0,0
AZ,2020-10-28,54,0,0,0
CA,2020-10-28,124,0,0,0
FL,2020-10-28,391,0,0,0
GA,2020-10-28,91,0,0,0
IL,2020-10-28,8,0,0,0
IN,2020-10-28,146,0,0,0
LA,2020-10-28,8,0,0,0
MA,2020-10-28,21,1,0,0
MI,2020-10-28,102,0,0,0
MN,2020-10-28,140,0,0,0
MS,2020-10-28,3,0,0,0
NC,2020-10-28,107,0,0,0
OH,2020-10-28,5,0,0,0
PA,2020-10-28,36,0,0,0
TX,2020-10-28,102,0,0,0
WI,2020-10-28,11,0,0,0
AL,2020-10-29,3,0,0,0
AZ,2020-10-29,56,0,0,0
CA,2020-10-29,115,0,0,0
FL,2020-10-29,455,0,0,0
GA,2020-10-29,105,0,0,0
IL,2020-10-29,23,0,0,0
IN,2020-10-29,196,0,0,0
KY,2020-10-29,12,0,0,0
LA,2020-10-29,6,0,0,0
MA,2020-10-29,22,2,0,0
MI,2020-10-29,113,0,0,0
MN,2020-10-29,111,0,0,0
NC,2020-10-29,108,0,0,0
NJ,2020-10-29,3,0,0,0
OH,2020-10-29,10,0,0,0
PA,2020-10-29,33,0,0,0
SC,2020-10-29,3,0,0,0
TN,2020-10-29,6,0,0,0
TX,2020-10-29,104,0,0,0
WI,2020-10-29,14,0,0,0
AL,2020-10-30,3,0,0,0
AZ,2020-10-30,57,0,0,0
CA,2020-10-30,129,0,0,0
FL,2020-10-30,381,1,0,0
GA,2020-10-30,99,0,0,0
IL,2020-10-30,15,0,0,0
IN,2020-10-30,166,0,0,0
LA,2020-10-30,5,0,0,0
MA,2020-10-30,36,1,0,0
MI,2020-10-30,128,0,0,0
MN,2020-10-30,92,0,0,0
NC,2020-10-30,80,0,0,0
NV,2020-10-30,5,0,0,0
NY,2020-10-30,3,0,0,0
OH,2020-10-30,4,0,0,0
PA,2020-10-30,54,0,0,0
SC,2020-10-30,4,0,0,0
TX,2020-10-30,77,0,0,0
WI,2020-10-30,3,0,0,0
AZ,2020-10-31,67,0,0,0
CA,2020-10-31,129,0,0,0
FL,2020-10-31,328,2,0,0
GA,2020-10-31,102,0,0,0
IL,2020-10-31,14,0,0,0
IN,2020-10-31,194,0,0,0
LA,2020-10-31,8,0,0,0
MA,2020-10-31,43,0,0,0
MI,2020-10-31,133,0,0,0
MN,2020-10-31,23,0,0,0
NC,2020-10-31,98,0,0,0
NV,2020-10-31,3,0,0,0
OH,2020-10-31,7,0,0,0
PA,2020-10-31,45,0,0,0
RI,2020-10-31,5,1,0,0
SC,2020-10-31,6,0,0,0
TN,2020-10-31,3,0,0,0
TX,2020-10-31,97,0,0,0
WI,2020-10-31,7,0,0,0
AZ,2020-11-01,42,0,0,0
CA,2020-11-01,127,0,0,0
FL,2020-11-01,247,1,0,0
GA,2020-11-01,88,0,0,0
IL,2020-11-01,6,0,0,0
IN,2020-11-01,171,0,0,0
LA,2020-11-01,6,0,0,0
MA,2020-11-01,28,2,0,0
MI,2020-11-01,116,0,0,0
MN,2020-11-01,51,0,0,0
NC,2020-11-01,72,0,0,0
NJ,2020-11-01,3,0,0,0
PA,2020-11-01,31,0,0,0
TX,2020-11-01,114,0,0,0
AL,2020-11-02,6,0,0,0
AR,2020-11-02,3,0,0,0
AZ,2020-11-02,55,0,0,0
CA,2020-11-02,208,0,0,0
FL,2020-11-02,393,2,0,0
GA,2020-11-02,122,0,0,0
IL,2020-11-02,9,0,0,0
IN,2020-11-02,269,0,0,0
LA,2020-11-02,10,0,0,0
MA,2020-11-02,28,1,0,0
MI,2020-11-02,145,0,0,0
MN,2020-11-02,156,0,0,0
NC,2020-11-02,112,0,0,0
NJ,2020-11-02,3,0,0,0
NY,2020-11-02,4,0,0,0
OH,2020-11-02,6,0,0,0
PA,2020-11-02,42,0,0,0
TN,2020-11-02,4,0,0,0
TX,2020-11-02,127,0,0,0
WI,2020-11-02,13,0,0,0
AZ,2020-11-03,62,0,0,0
CA,2020-11-03,198,0,0,0
CO,2020-11-03,4,0,0,0
DE,2020-11-03,4,0,0,0
FL,2020-11-03,404,3,0,0
GA,2020-11-03,100,0,0,0
HI,2020-11-03,3,0,0,0
IL,2020-11-03,26,0,0,0
IN,2020-11-03,251,1,0,0
KY,2020-11-03,9,0,0,0
LA,2020-11-03,11,0,0,0
MA,2020-11-03,23,0,0,0
MI,2020-11-03,151,0,0,0
MN,2020-11-03,188,0,0,0
MO,2020-11-03,7,0,0,0
NC,2020-11-03,110,0,0,0
NJ,2020-11-03,6,0,0,0
OH,2020-11-03,8,0,0,0
OK,2020-11-03,6,0,0,0
PA,2020-11-03,39,0,0,0
RI,2020-11-03,4,0,0,0
SC,2020-11-03,3,0,0,0
TN,2020-11-03,5,0,0,0
TX,2020-11-03,167,0,0,0
WA,2020-11-03,4,0,0,0
WI,2020-11-03,18,0,0,0
AR,2020-11-04,3,0,0,0
AZ,2020-11-04,67,0,0,0
CA,2020-11-04,194,0,0,0
FL,2020-11-04,475,4,0,0
GA,2020-11-04,116,0,0,0
IA,2020-11-04,3,0,0,0
IL,2020-11-04,14,0,0,0
IN,2020-11-04,338,0,0,0
KY,2020-11-04,4,0,0,0
LA,2020-11-04,6,0,0,0
MA,2020-11-04,30,1,0,0
MI,2020-11-04,177,0,0,0
MN,2020-11-04,222,0,0,0
NC,2020-11-04,122,0,0,0
NJ,2020-11-04,8,0,0,0
OH,2020-11-04,12,0,0,0
PA,2020-11-04,44,0,0,0
RI,2020-11-04,4,0,0,0
SC,2020-11-04,3,0,0,0
TN,2020-11-04,5,0,0,0
TX,2020-11-04,198,0,0,0
WI,2020-11-04,15,0,0,0
AL,2020-11-05,5,0,0,0
AZ,2020-11-05,71,0,0,0
CA,2020-11-05,237,2,0,0
CO,2020-11-05,3,0,0,0
FL,2020-11-05,531,2,0,0
GA,2020-11-05,129,1,0,0
IL,2020-11-05,22,0,0,0
IN,2020-11-05,372,0,0,0
KY,2020-11-05,11,0,0,0
LA,2020-11-05,16,0,0,0
MA,2020-11-05,37,2,0,0
MI,2020-11-05,216,0,0,0
MN,2020-11-05,289,0,0,0
MO,2020-11-05,4,0,0,0
NC,2020-11-05,123,0,0,0
NJ,2020-11-05,6,0,0,0
NM,2020-11-05,3,0,0,0
OH,2020-11-05,13,0,0,0
PA,2020-11-05,58,0,0,0
RI,2020-11-05,8,1,0,0
TN,2020-11-05,3,0,0,0
TX,2020-11-05,217,0,0,0
UT,2020-11-05,3,0,0,0
WI,2020-11-05,18,0,0,0
AL,2020-11-06,3,0,0,0
AZ,2020-11-06,52,0,0,0
CA,2020-11-06,195,0,0,0
FL,2020-11-06,405,3,0,0
GA,2020-11-06,106,0,0,0
IL,2020-11-06,12,0,0,0
IN,2020-11-06,360,0,0,0
KY,2020-11-06,3,0,0,0
LA,2020-11-06,12,0,0,0
MA,2020-11-06,60,1,0,0
MI,2020-11-06,231,0,0,0
MN,2020-11-06,302,0,0,0
NC,2020-11-06,89,0,0,0
NJ,2020-11-06,10,0,0,0
NY,2020-11-06,3,0,0,0
OH,2020-11-06,10,0,0,0
PA,2020-11-06,164,0,0,0
RI,2020-11-06,3,0,0,0
SC,2020-11-06,7,0,0,0
TX,2020-11-06,188,0,0,0
WI,2020-11-06,14,0,0,0
AZ,2020-11-07,53,0,0,0
CA,2020-11-07,101,0,0,0
FL,2020-11-07,491,4,0,0
GA,2020-11-07,149,0,0,0
IL,2020-11-07,21,0,0,0
IN,2020-11-07,325,0,0,0
KY,2020-11-07,8,0,0,0
LA,2020-11-07,12,0,0,0
MA,2020-11-07,49,1,0,0
MD,2020-11-07,4,0,0,0
MI,2020-11-07,227,0,0,0
MN,2020-11-07,94,0,0,0
NC,2020-11-07,146,0,0,0
NJ,2020-11-07,11,0,0,0
NY,2020-11-07,4,0,0,0
OH,2020-11-07,13,0,0,0
PA,2020-11-07,211,1,0,0
RI,2020-11-07,6,1,0,0
SC,2020-11-07,6,0,0,0
TX,2020-11-07,204,0,0,0
WI,2020-11-07,7,0,0,0
AZ,2020-11-08,43,0,0,0
CA,2020-11-08,124,0,0,0
FL,2020-11-08,451,4,0,0
GA,2020-11-08,138,0,0,0
IL,2020-11-08,8,0,0,0
IN,2020-11-08,302,0,0,0
LA,2020-11-08,10,0,0,0
MA,2020-11-08,40,0,0,0
MI,2020-11-08,211,0,0,0
MN,2020-11-08,73,0,0,0
NC,2020-11-08,124,0,0,0
NJ,2020-11-08,5,0,0,0
OH,2020-11-08,11,0,0,0
PA,2020-11-08,188,0,0,0
RI,2020-11-08,4,1,0,0
TX,2020-11-08,241,0,0,0
AZ,2020-11-09,74,0,0,0
CA,2020-11-09,321,0,0,0
FL,2020-11-09,602,4,0,0
GA,2020-11-09,215,0,0,0
IL,2020-11-09,17,0,0,0
IN,2020-11-09,457,0,0,0
KY,2020-11-09,5,0,0,0
LA,2020-11-09,11,0,0,0
MA,2020-11-09,51,0,0,0
MI,2020-11-09,267,0,0,0
MN,2020-11-09,168,0,0,0
NC,2020-11-09,159,0,0,0
NJ,2020-11-09,5,0,0,0
OH,2020-11-09,22,0,0,0
OK,2020-11-09,4,0,0,0
PA,2020-11-09,251,0,0,0
RI,2020-11-09,9,1,0,0
SC,2020-11-09,3,0,0,0
TN,2020-11-09,4,0,0,0
TX,2020-11-09,294,0,0,0
WI,2020-11-09,12,0,0,0
AL,2020-11-10,4,0,0,0
AZ,2020-11-10,58,0,0,0
CA,2020-11-10,273,0,0,0
CO,2020-11-10,6,0,0,0
FL,2020-11-10,582,8,0,0
GA,2020-11-10,186,0,0,0
IL,2020-11-10,44,0,0,0
IN,2020-11-10,445,0,0,0
KY,2020-11-10,12,0,0,0
LA,2020-11-10,31,0,0,0
MA,2020-11-10,62,3,0,0
MD,2020-11-10,3,0,0,0
MI,2020-11-10,216,0,0,0
MN,2020-11-10,183,0,0,0
MO,2020-11-10,5,0,0,0
MS,2020-11-10,6,0,0,0
NC,2020-11-10,138,0,0,0
NJ,2020-11-10,11,0,0,0
NM,2020-11-10,5,0,0,0
NV,2020-11-10,6,0,0,0
NY,2020-11-10,3,0,0,0
OH,2020-11-10,26,0,0,0
OK,2020-11-10,4,0,0,0
PA,2020-11-10,229,0,0,0
RI,2020-11-10,4,0,0,0
SC,2020-11-10,4,0,0,0
TN,2020-11-10,10,0,0,0
TX,2020-11-10,233,0,0,0
VA,2020-11-10,4,0,0,0
WI,2020-11-10,16,0,0,0
AL,2020-11-11,3,0,0,0
AZ,2020-11-11,42,0,0,0
CA,2020-11-11,261,0,0,0
FL,2020-11-11,481,9,0,0
GA,2020-11-11,153,0,0,0
IL,2020-11-11,13,0,0,0
IN,2020-11-11,306,0,0,0
KY,2020-11-11,4,0,0,0
LA,2020-11-11,13,0,0,0
MA,2020-11-11,33,1,0,0
MD,2020-11-11,4,0,0,0
MI,2020-11-11,171,0,0,0
MN,2020-11-11,220,0,0,0
MO,2020-11-11,3,0,0,0
NC,2020-11-11,94,0,0,0
NH,2020-11-11,3,0,0,0
NJ,2020-11-11,7,0,0,0
NV,2020-11-11,5,0,0,0
OH,2020-11-11,17,0,0,0
PA,2020-11-11,129,0,0,0
RI,2020-11-11,8,2,0,0
TN,2020-11-11,6,0,0,0
TX,2020-11-11,164,0,0,0
VA,2020-11-11,5,0,0,0
WI,2020-11-11,14,0,0,0
AL,2020-11-12,8,0,0,0
AZ,2020-11-12,46,0,0,0
CA,2020-11-12,305,0,0,0
CT,2020-11-12,3,0,0,0
FL,2020-11-12,511,8,0,0
GA,2020-11-12,173,0,0,0
IA,2020-11-12,4,0,0,0
IL,2020-11-12,25,0,0,0
IN,2020-11-12,354,0,0,0
KY,2020-11-12,16,0,0,0
LA,2020-11-12,28,0,0,0
MA,2020-11-12,52,0,0,0
MD,2020-11-12,5,0,0,0
MI,2020-11-12,187,0,0,0
MN,2020-11-12,241,0,0,0
MO,2020-11-12,6,0,0,0
NC,2020-11-12,162,0,0,0
NJ,2020-11-12,9,0,0,0
NM,2020-11-12,3,0,0,0
NY,2020-11-12,7,0,0,0
OH,2020-11-12,23,0,0,0
PA,2020-11-12,226,0,0,0
RI,2020-11-12,6,0,0,0
SC,2020-11-12,6,0,0,0
TN,2020-11-12,10,0,0,0
TX,2020-11-12,171,0,0,0
UT,2020-11-12,4,0,0,0
WI,2020-11-12,24,0,0,0
AL,2020-11-13,4,1,0,0
AZ,2020-11-13,51,0,0,0
CA,2020-11-13,272,0,0,0
FL,2020-11-13,617,4,0,0
GA,2020-11-13,180,0,0,0
IL,2020-11-13,11,0,0,0
IN,2020-11-13,384,0,0,0
KY,2020-11-13,5,0,0,0
LA,2020-11-13,21,0,0,0
MA,2020-11-13,61,1,0,0
MD,2020-11-13,4,0,0,0
MI,2020-11-13,182,0,0,0
MN,2020-11-13,258,0,0,0
NC,2020-11-13,185,0,0,0
NJ,2020-11-13,12,0,0,0
NY,2020-11-13,4,0,0,0
OH,2020-11-13,19,0,0,0
PA,2020-11-13,259,0,0,0
RI,2020-11-13,5,0,0,0
SC,2020-11-13,5,0,0,0
TX,2020-11-13,208,0,0,0
WI,2020-11-13,9,0,0,0
AL,2020-11-14,3,0,0,0
AZ,2020-11-14,44,0,0,0
CA,2020-11-14,225,0,0,0
FL,2020-11-14,572,9,0,0
GA,2020-11-14,174,0,0,0
IL,2020-11-14,22,0,0,0
IN,2020-11-14,343,0,0,0
LA,2020-11-14,17,0,0,0
MA,2020-11-14,49,4,0,0
MI,2020-11-14,178,0,0,0
MN,2020-11-14,65,0,0,0
NC,2020-11-14,153,0,0,0
NE,2020-11-14,5,0,0,0
NJ,2020-11-14,8,0,0,0
NY,2020-11-14,10,0,0,0
OH,2020-11-14,17,0,0,0
PA,2020-11-14,245,0,0,0
RI,2020-11-14,6,0,0,0
TN,2020-11-14,3,0,0,0
TX,2020-11-14,191,0,0,0
UT,2020-11-14,3,0,0,0
AZ,2020-11-15,32,0,0,0
CA,2020-11-15,266,0,0,0
FL,2020-11-15,448,4,0,0
GA,2020-11-15,178,0,0,0
IL,2020-11-15,5,0,0,0
IN,2020-11-15,265,0,0,0
KY,2020-11-15,3,0,0,0
LA,2020-11-15,20,0,0,0
MA,2020-11-15,33,3,0,0
MI,2020-11-15,167,0,0,0
MN,2020-11-15,56,0,0,0
NC,2020-11-15,138,0,0,0
NJ,2020-11-15,6,0,0,0
NY,2020-11-15,3,0,0,0
OH,2020-11-15,14,0,0,0
PA,2020-11-15,200,0,0,0
RI,2020-11-15,5,0,0,0
SC,2020-11-15,3,0,0,0
TX,2020-11-15,167,0,0,0
WI,2020-11-15,4,0,0,0
AL,2020-11-16,3,1,0,0
AZ,2020-11-16,35,0,0,0
CA,2020-11-16,440,0,0,0
FL,2020-11-16,539,5,0,0
GA,2020-11-16,173,2,0,0
IL,2020-11-16,17,0,0,0
IN,2020-11-16,349,0,0,0
LA,2020-11-16,23,0,0,0
MA,2020-11-16,48,1,0,0
MD,2020-11-16,4,0,0,0
MI,2020-11-16,197,0,0,0
MN,2020-11-16,106,0,0,0
NC,2020-11-16,153,0,0,0
NJ,2020-11-16,7,0,0,0
NM,2020-11-16,3,0,0,0
NY,2020-11-16,4,0,0,0
OH,2020-11-16,15,1,0,0
OK,2020-11-16,5,0,0,0
PA,2020-11-16,195,0,0,0
RI,2020-11-16,5,1,0,0
TN,2020-11-16,6,0,0,0
TX,2020-11-16,208,0,0,0
WI,2020-11-16,3,0,0,0
AL,2020-11-17,3,0,0,0
AR,2020-11-17,3,0,0,0
AZ,2020-11-17,52,0,0,0
CA,2020-11-17,417,1,0,0
CO,2020-11-17,7,0,0,0
FL,2020-11-17,489,5,0,0
GA,2020-11-17,141,0,0,0
IA,2020-11-17,3,0,0,0
IL,2020-11-17,38,0,0,0
IN,2020-11-17,331,1,0,0
KS,2020-11-17,3,0,0,0
KY,2020-11-17,18,0,0,0
LA,2020-11-17,22,0,0,0
MA,2020-11-17,37,1,0,0
MD,2020-11-17,9,0,0,0
MI,2020-11-17,116,0,0,0
MN,2020-11-17,149,0,0,0
MO,2020-11-17,5,0,0,0
MS,2020-11-17,3,0,0,0
NC,2020-11-17,112,0,0,0
NJ,2020-11-17,7,0,0,0
NV,2020-11-17,4,0,0,0
NY,2020-11-17,6,0,0,0
OH,2020-11-17,26,0,0,0
OK,2020-11-17,6,0,0,0
PA,2020-11-17,202,0,0,0
SC,2020-11-17,3,0,0,0
TN,2020-11-17,10,0,0,0
TX,2020-11-17,210,0,0,0
UT,2020-11-17,3,0,0,0
WI,2020-11-17,6,0,0,0
AZ,2020-11-18,36,0,0,0
CA,2020-11-18,407,0,0,0
FL,2020-11-18,441,5,0,0
GA,2020-11-18,152,0,0,0
IL,2020-11-18,11,0,0,0
IN,2020-11-18,260,0,0,0
KY,2020-11-18,9,0,0,0
LA,2020-11-18,26,0,0,0
MA,2020-11-18,25,2,0,0
MD,2020-11-18,6,0,0,0
MI,2020-11-18,135,0,0,0
MN,2020-11-18,165,0,0,0
NC,2020-11-18,93,0,0,0
NJ,2020-11-18,16,0,0,0
NV,2020-11-18,4,0,0,0
NY,2020-11-18,6,0,0,0
OH,2020-11-18,14,0,0,0
PA,2020-11-18,170,0,0,0
RI,2020-11-18,8,0,0,0
SC,2020-11-18,3,0,0,0
TN,2020-11-18,7,0,0,0
TX,2020-11-18,151,0,0,0
WA,2020-11-18,3,0,0,0
WI,2020-11-18,8,0,0,0
AL,2020-11-19,9,0,0,0
AZ,2020-11-19,43,0,0,0
CA,2020-11-19,435,0,0,0
FL,2020-11-19,471,3,0,0
GA,2020-11-19,133,0,0,0
IL,2020-11-19,19,0,0,0
IN,2020-11-19,243,1,0,0
KY,2020-11-19,19,0,0,0
LA,2020-11-19,48,0,0,0
MA,2020-11-19,24,0,0,0
MD,2020-11-19,3,0,0,0
MI,2020-11-19,171,0,0,0
MN,2020-11-19,188,0,0,0
MO,2020-11-19,5,0,0,0
NC,2020-11-19,104,0,0,0
NE,2020-11-19,3,0,0,0
NJ,2020-11-19,4,0,0,0
NV,2020-11-19,4,0,0,0
NY,2020-11-19,4,0,0,0
OH,2020-11-19,15,0,0,0
PA,2020-11-19,165,0,0,0
TN,2020-11-19,10,0,0,0
TX,2020-11-19,161,0,0,0
UT,2020-11-19,3,0,0,0
WI,2020-11-19,8,0,0,0
AL,2020-11-20,6,0,0,0
AZ,2020-11-20,27,0,0,0
CA,2020-11-20,428,0,0,0
CO,2020-11-20,4,0,0,0
CT,2020-11-20,4,0,0,0
FL,2020-11-20,449,2,0,0
GA,2020-11-20,146,0,0,0
IL,2020-11-20,15,0,0,0
IN,2020-11-20,281,0,0,0
KY,2020-11-20,5,0,0,0
LA,2020-11-20,23,0,0,0
MA,2020-11-20,31,2,0,0
MD,2020-11-20,4,0,0,0
MI,2020-11-20,149,0,0,0
MN,2020-11-20,176,0,0,0
NC,2020-11-20,78,1,0,0
NJ,2020-11-20,3,0,0,0
NV,2020-11-20,7,0,0,0
NY,2020-11-20,7,0,0,0
OH,2020-11-20,22,0,0,0
OK,2020-11-20,6,0,0,0
PA,2020-11-20,142,0,0,0
RI,2020-11-20,3,0,0,0
TX,2020-11-20,135,1,0,0
VA,2020-11-20,3,0,0,0
WI,2020-11-20,5,0,0,0
AZ,2020-11-21,20,0,0,0
CA,2020-11-21,333,1,0,0
CT,2020-11-21,6,0,0,0
FL,2020-11-21,409,4,0,0
GA,2020-11-21,95,1,0,0
IL,2020-11-21,13,0,0,0
IN,2020-11-21,243,1,0,0
KY,2020-11-21,4,0,0,0
LA,2020-11-21,28,0,0,0
MA,2020-11-21,17,2,0,0
MI,2020-11-21,119,0,0,0
MN,2020-11-21,45,0,0,0
NC,2020-11-21,81,0,0,0
NJ,2020-11-21,3,0,0,0
NM,2020-11-21,9,0,0,0
NV,2020-11-21,4,0,0,0
NY,2020-11-21,3,0,0,0
OH,2020-11-21,12,1,0,0
PA,2020-11-21,122,2,0,0
PR,2020-11-21,3,0,0,0
RI,2020-11-21,4,0,0,0
SC,2020-11-21,4,0,0,0
TX,2020-11-21,121,0,0,0
WI,2020-11-21,9,0,0,0
AZ,2020-11-22,13,0,0,0
CA,2020-11-22,322,0,0,0
FL,2020-11-22,314,1,0,0
GA,2020-11-22,90,0,0,0
IN,2020-11-22,244,0,0,0
KY,2020-11-22,5,0,0,0
LA,2020-11-22,25,0,0,0
MA,2020-11-22,14,0,0,0
MI,2020-11-22,123,0,0,0
MN,2020-11-22,28,0,0,0
NC,2020-11-22,74,0,0,0
NJ,2020-11-22,7,0,0,0
OH,2020-11-22,14,0,0,0
PA,2020-11-22,129,1,0,0
TX,2020-11-22,126,0,0,0
VA,2020-11-22,4,0,0,0
AL,2020-11-23,12,0,0,0
AZ,2020-11-23,47,0,0,0
CA,2020-11-23,481,0,0,0
CO,2020-11-23,4,0,0,0
CT,2020-11-23,5,0,0,0
FL,2020-11-23,413,2,0,0
GA,2020-11-23,146,0,0,0
IL,2020-11-23,26,0,0,0
IN,2020-11-23,382,0,0,0
KY,2020-11-23,9,0,0,0
LA,2020-11-23,39,0,0,0
MA,2020-11-23,30,1,0,0
MD,2020-11-23,5,0,0,0
MI,2020-11-23,172,0,0,0
MN,2020-11-23,104,0,0,0
MO,2020-11-23,5,0,0,0
MS,2020-11-23,3,0,0,0
NC,2020-11-23,100,0,0,0
NJ,2020-11-23,11,0,0,0
NV,2020-11-23,4,0,0,0
NY,2020-11-23,5,0,0,0
OH,2020-11-23,31,0,0,0
PA,2020-11-23,178,3,0,0
RI,2020-11-23,4,0,0,0
SC,2020-11-23,5,0,0,0
TN,2020-11-23,7,0,0,0
TX,2020-11-23,179,0,0,0
VA,2020-11-23,10,0,0,0
WI,2020-11-23,5,0,0,0
AZ,2020-11-24,26,0,0,0
CA,2020-11-24,469,0,0,0
CO,2020-11-24,7,0,0,0
DE,2020-11-24,4,0,0,0
FL,2020-11-24,420,3,0,0
GA,2020-11-24,152,0,0,0
IA,2020-11-24,4,0,0,0
IL,2020-11-24,26,0,0,0
IN,2020-11-24,283,0,0,0
KY,2020-11-24,14,0,0,0
LA,2020-11-24,14,0,0,0
MA,2020-11-24,32,1,0,0
MD,2020-11-24,8,0,0,0
MI,2020-11-24,121,0,0,0
MN,2020-11-24,148,0,0,0
MO,2020-11-24,4,0,0,0
NC,2020-11-24,115,0,0,0
NJ,2020-11-24,6,0,0,0
NV,2020-11-24,3,0,0,0
NY,2020-11-24,5,0,0,0
OH,2020-11-24,29,0,0,0
OK,2020-11-24,4,0,0,0
PA,2020-11-24,180,3,0,0
RI,2020-11-24,6,0,0,0
TN,2020-11-24,3,0,0,0
TX,2020-11-24,153,0,0,0
UT,2020-11-24,6,0,0,0
VA,2020-11-24,5,0,0,0
WI,2020-11-24,9,0,0,0
AL,2020-11-25,5,0,0,0
AR,2020-11-25,3,0,0,0
AZ,2020-11-25,34,0,0,0
CA,2020-11-25,454,0,0,0
CO,2020-11-25,3,0,0,0
FL,2020-11-25,442,5,0,0
GA,2020-11-25,172,0,0,0
IL,2020-11-25,21,0,0,0
IN,2020-11-25,302,0,0,0
KY,2020-11-25,11,0,0,0
LA,2020-11-25,42,0,0,0
MA,2020-11-25,36,2,0,0
MD,2020-11-25,3,0,0,0
MI,2020-11-25,171,1,0,0
MO,2020-11-25,3,0,0,0
NC,2020-11-25,138,0,0,0
NJ,2020-11-25,7,0,0,0
NV,2020-11-25,8,0,0,0
NY,2020-11-25,6,1,0,0
OH,2020-11-25,28,1,0,0
OR,2020-11-25,4,0,0,0
PA,2020-11-25,202,3,0,0
PR,2020-11-25,4,0,0,0
SC,2020-11-25,6,0,0,0
TN,2020-11-25,14,0,0,0
TX,2020-11-25,156,0,0,0
VA,2020-11-25,4,0,0,0
CA,2020-11-26,139,0,0,0
IL,2020-11-26,3,0,0,0
MN,2020-11-26,4,0,0,0
TX,2020-11-26,4,0,0,0
AL,2020-11-27,8,0,0,0
AZ,2020-11-27,43,0,0,0
CA,2020-11-27,486,0,0,0
FL,2020-11-27,554,11,0,0
GA,2020-11-27,255,1,0,0
IL,2020-11-27,13,0,0,0
IN,2020-11-27,363,1,0,0
KY,2020-11-27,5,0,0,0
LA,2020-11-27,38,0,0,0
MA,2020-11-27,46,1,0,0
MI,2020-11-27,180,1,0,0
NC,2020-11-27,211,0,0,0
NH,2020-11-27,3,0,0,0
NJ,2020-11-27,7,0,0,0
NV,2020-11-27,6,0,0,0
NY,2020-11-27,10,0,0,0
OH,2020-11-27,21,0,0,0
OK,2020-11-27,10,0,0,0
PA,2020-11-27,238,2,0,0
SC,2020-11-27,4,0,0,0
TN,2020-11-27,6,0,0,0
TX,2020-11-27,193,0,0,0
WI,2020-11-27,3,0,0,0
AZ,2020-11-28,34,0,0,0
CA,2020-11-28,399,1,0,0
CO,2020-11-28,3,0,0,0
FL,2020-11-28,550,6,0,0
GA,2020-11-28,222,0,0,0
IL,2020-11-28,16,0,0,0
IN,2020-11-28,407,2,0,0
KY,2020-11-28,13,0,0,0
LA,2020-11-28,35,0,0,0
MA,2020-11-28,68,3,0,0
MI,2020-11-28,197,0,0,0
MN,2020-11-28,3,0,0,0
NC,2020-11-28,223,0,0,0
NJ,2020-11-28,7,0,0,0
NM,2020-11-28,3,0,0,0
NV,2020-11-28,4,0,0,0
NY,2020-11-28,9,0,0,0
OH,2020-11-28,24,2,0,0
PA,2020-11-28,294,0,0,0
RI,2020-11-28,3,0,0,0
SC,2020-11-28,7,0,0,0
TN,2020-11-28,5,0,0,0
TX,2020-11-28,207,0,0,0
UT,2020-11-28,4,0,0,0
AZ,2020-11-29,41,0,0,0
CA,2020-11-29,408,2,0,0
FL,2020-11-29,430,4,0,0
GA,2020-11-29,210,0,0,0
IL,2020-11-29,4,0,0,0
IN,2020-11-29,375,3,0,0
LA,2020-11-29,16,0,0,0
MA,2020-11-29,39,2,0,0
MD,2020-11-29,3,0,0,0
MI,2020-11-29,138,1,0,0
NC,2020-11-29,156,0,0,0
NJ,2020-11-29,5,0,0,0
NY,2020-11-29,5,0,0,0
OH,2020-11-29,11,1,0,0
PA,2020-11-29,226,0,0,0
TX,2020-11-29,156,0,0,0
AL,2020-11-30,10,0,0,0
AZ,2020-11-30,48,0,0,0
CA,2020-11-30,774,0,0,0
FL,2020-11-30,595,5,0,0
GA,2020-11-30,256,1,0,0
IL,2020-11-30,12,0,0,0
IN,2020-11-30,502,2,0,0
KY,2020-11-30,6,0,0,0
LA,2020-11-30,52,0,0,0
MA,2020-11-30,69,5,0,0
MD,2020-11-30,4,0,0,0
MI,2020-11-30,179,1,0,0
NC,2020-11-30,226,0,0,0
NJ,2020-11-30,12,0,0,0
NV,2020-11-30,6,0,0,0
NY,2020-11-30,8,0,0,0
OH,2020-11-30,18,1,0,0
OK,2020-11-30,3,0,0,0
PA,2020-11-30,280,0,0,0
RI,2020-11-30,5,0,0,0
SC,2020-11-30,4,0,0,0
TN,2020-11-30,3,0,0,0
TX,2020-11-30,242,0,0,0
AL,2020-12-01,6,0,0,0
AZ,2020-12-01,55,0,0,0
CA,2020-12-01,713,0,0,0
CO,2020-12-01,4,0,0,0
CT,2020-12-01,3,0,0,0
FL,2020-12-01,563,3,0,0
GA,2020-12-01,237,1,0,0
IL,2020-12-01,26,0,0,0
IN,2020-12-01,410,2,0,0
KY,2020-12-01,19,0,0,0
LA,2020-12-01,33,0,0,0
MA,2020-12-01,69,3,0,0
MD,2020-12-01,9,0,0,0
MI,2020-12-01,167,0,0,0
MN,2020-12-01,7,0,0,0
MO,2020-12-01,6,0,0,0
NC,2020-12-01,204,2,0,0
NJ,2020-12-01,9,0,0,0
NM,2020-12-01,3,0,0,0
NV,2020-12-01,5,0,0,0
NY,2020-12-01,6,0,0,0
OH,2020-12-01,42,0,0,0
PA,2020-12-01,272,0,0,0
RI,2020-12-01,6,0,0,0
SC,2020-12-01,9,0,0,0
TN,2020-12-01,7,0,0,0
TX,2020-12-01,210,0,0,0
UT,2020-12-01,4,0,0,0
VA,2020-12-01,4,0,0,0
WA,2020-12-01,7,0,0,0
WI,2020-12-01,7,0,0,0
WY,2020-12-01,6,0,0,0
AZ,2020-12-02,28,0,0,0
CA,2020-12-02,691,0,0,0
FL,2020-12-02,438,4,0,0
GA,2020-12-02,218,0,0,0
IL,2020-12-02,18,0,0,0
IN,2020-12-02,381,1,0,0
KY,2020-12-02,6,0,0,0
LA,2020-12-02,24,0,0,0
MA,2020-12-02,53,4,0,0
MD,2020-12-02,5,0,0,0
MI,2020-12-02,144,0,0,0
NC,2020-12-02,178,0,0,0
NJ,2020-12-02,10,0,0,0
NV,2020-12-02,3,0,0,0
NY,2020-12-02,4,0,0,0
OH,2020-12-02,20,0,0,0
OK,2020-12-02,5,0,0,0
PA,2020-12-02,239,1,0,0
SC,2020-12-02,3,0,0,0
TN,2020-12-02,10,0,0,0
TX,2020-12-02,165,0,0,0
VA,2020-12-02,3,0,0,0
AL,2020-12-03,10,0,0,0
AZ,2020-12-03,37,0,0,0
CA,2020-12-03,742,0,0,0
FL,2020-12-03,525,6,0,0
GA,2020-12-03,233,1,0,0
IL,2020-12-03,26,0,0,0
IN,2020-12-03,357,0,0,0
KY,2020-12-03,24,0,0,0
LA,2020-12-03,30,0,0,0
MA,2020-12-03,72,0,0,0
MI,2020-12-03,163,0,0,0
MN,2020-12-03,10,0,0,0
NC,2020-12-03,204,1,0,0
NJ,2020-12-03,10,0,0,0
NV,2020-12-03,4,0,0,0
OH,2020-12-03,44,0,0,0
OK,2020-12-03,5,0,0,0
OR,2020-12-03,5,0,0,0
PA,2020-12-03,256,1,0,0
SC,2020-12-03,6,0,0,0
TN,2020-12-03,12,0,0,0
TX,2020-12-03,173,1,0,0
VA,2020-12-03,6,0,0,0
WA,2020-12-03,7,0,0,0
WI,2020-12-03,5,0,0,0
AL,2020-12-04,10,0,0,0
AZ,2020-12-04,68,0,0,0
CA,2020-12-04,617,1,0,0
FL,2020-12-04,483,3,0,0
GA,2020-12-04,192,0,0,0
ID,2020-12-04,3,0,0,0
IL,2020-12-04,23,0,0,0
IN,2020-12-04,325,0,0,0
KY,2020-12-04,4,0,0,0
LA,2020-12-04,29,0,0,0
MA,2020-12-04,87,2,0,0
MI,2020-12-04,123,0,0,0
NC,2020-12-04,180,1,0,0
NJ,2020-12-04,9,0,0,0
NV,2020-12-04,5,0,0,0
NY,2020-12-04,3,0,0,0
OH,2020-12-04,22,0,0,0
PA,2020-12-04,245,0,0,0
RI,2020-12-04,5,1,0,0
SC,2020-12-04,5,0,0,0
TX,2020-12-04,161,0,0,0
VA,2020-12-04,4,0,0,0
WV,2020-12-04,3,0,0,0
AL,2020-12-05,4,0,0,0
AZ,2020-12-05,74,0,0,0
CA,2020-12-05,454,0,0,0
CO,2020-12-05,4,0,0,0
CT,2020-12-05,3,0,0,0
FL,2020-12-05,457,10,0,0
GA,2020-12-05,227,0,0,0
IL,2020-12-05,16,0,0,0
IN,2020-12-05,299,1,0,0
LA,2020-12-05,18,0,0,0
MA,2020-12-05,59,3,0,0
MD,2020-12-05,5,0,0,0
MI,2020-12-05,130,0,0,0
NC,2020-12-05,176,0,0,0
NJ,2020-12-05,3,0,0,0
NY,2020-12-05,5,0,0,0
OH,2020-12-05,13,0,0,0
PA,2020-12-05,223,0,0,0
SC,2020-12-05,8,0,0,0
TN,2020-12-05,4,0,0,0
TX,2020-12-05,158,0,0,0
UT,2020-12-05,4,0,0,0
VA,2020-12-05,8,1,0,0
AZ,2020-12-06,76,0,0,0
CA,2020-12-06,505,2,0,0
FL,2020-12-06,413,3,0,0
GA,2020-12-06,206,0,0,0
IL,2020-12-06,9,0,0,0
IN,2020-12-06,289,0,0,0
LA,2020-12-06,25,1,0,0
MA,2020-12-06,62,3,0,0
MD,2020-12-06,3,0,0,0
MI,2020-12-06,124,0,0,0
NC,2020-12-06,138,0,0,0
NJ,2020-12-06,4,0,0,0
NY,2020-12-06,4,0,0,0
OH,2020-12-06,11,0,0,0
PA,2020-12-06,232,3,0,0
SC,2020-12-06,4,0,0,0
TN,2020-12-06,3,0,0,0
TX,2020-12-06,146,0,0,0
AL,2020-12-07,8,0,0,0
AZ,2020-12-07,82,0,0,0
CA,2020-12-07,1015,1,0,0
CO,2020-12-07,4,0,0,0
FL,2020-12-07,535,5,0,0
GA,2020-12-07,249,0,0,0
IA,2020-12-07,3,0,0,0
IL,2020-12-07,22,0,0,0
IN,2020-12-07,402,0,0,0
KY,2020-12-07,6,0,0,0
LA,2020-12-07,29,0,0,0
MA,2020-12-07,70,2,0,0
MI,2020-12-07,114,0,0,0
NC,2020-12-07,214,0,0,0
NJ,2020-12-07,10,0,0,0
NM,2020-12-07,3,0,0,0
NV,2020-12-07,4,0,0,0
NY,2020-12-07,5,0,0,0
OH,2020-12-07,17,0,0,0
OK,2020-12-07,7,0,0,0
PA,2020-12-07,264,1,0,0
SC,2020-12-07,6,0,0,0
TN,2020-12-07,11,0,0,0
TX,2020-12-07,179,0,0,0
AL,2020-12-08,8,0,0,0
AZ,2020-12-08,119,0,0,0
CA,2020-12-08,917,0,0,0
FL,2020-12-08,480,8,0,0
GA,2020-12-08,224,0,0,0
IL,2020-12-08,26,0,0,0
IN,2020-12-08,358,0,0,0
KS,2020-12-08,4,0,0,0
KY,2020-12-08,18,0,0,0
LA,2020-12-08,42,0,0,0
MA,2020-12-08,55,1,0,0
MI,2020-12-08,104,0,0,0
MN,2020-12-08,9,0,0,0
NC,2020-12-08,164,0,0,0
NE,2020-12-08,3,0,0,0
NJ,2020-12-08,16,0,0,0
NM,2020-12-08,9,0,0,0
NV,2020-12-08,6,0,0,0
NY,2020-12-08,7,0,0,0
OH,2020-12-08,38,0,0,0
OK,2020-12-08,7,0,0,0
OR,2020-12-08,6,0,0,0
PA,2020-12-08,284,2,0,0
SC,2020-12-08,11,0,0,0
TN,2020-12-08,7,0,0,0
TX,2020-12-08,215,0,0,0
VA,2020-12-08,7,0,0,0
WA,2020-12-08,7,0,0,0
WI,2020-12-08,7,0,0,0
WV,2020-12-08,3,0,0,0
AL,2020-12-09,8,0,0,0
AZ,2020-12-09,70,0,0,0
CA,2020-12-09,957,2,0,0
CT,2020-12-09,3,0,0,0
FL,2020-12-09,436,9,0,0
GA,2020-12-09,213,0,0,0
ID,2020-12-09,3,0,0,0
IL,2020-12-09,8,0,0,0
IN,2020-12-09,341,0,0,0
LA,2020-12-09,38,0,0,0
MA,2020-12-09,55,0,0,0
MD,2020-12-09,8,0,0,0
MI,2020-12-09,108,0,0,0
NC,2020-12-09,168,0,0,0
NJ,2020-12-09,14,0,0,0
NM,2020-12-09,3,0,0,0
NY,2020-12-09,9,0,0,0
OH,2020-12-09,17,0,0,0
PA,2020-12-09,229,1,0,0
SC,2020-12-09,5,0,0,0
TN,2020-12-09,9,0,0,0
TX,2020-12-09,193,0,0,0
AL,2020-12-10,11,0,0,0
AZ,2020-12-10,91,0,0,0
CA,2020-12-10,954,3,0,0
CO,2020-12-10,5,0,0,0
CT,2020-12-10,3,0,0,0
DE,2020-12-10,3,0,0,0
FL,2020-12-10,514,8,0,0
GA,2020-12-10,241,0,0,0
IL,2020-12-10,17,0,0,0
IN,2020-12-10,357,0,0,0
KS,2020-12-10,4,0,0,0
KY,2020-12-10,21,0,0,0
LA,2020-12-10,36,0,0,0
MA,2020-12-10,71,3,0,0
MD,2020-12-10,3,0,0,0
MI,2020-12-10,91,0,0,0
MN,2020-12-10,5,0,0,0
MO,2020-12-10,5,0,0,0
MS,2020-12-10,3,0,0,0
NC,2020-12-10,197,0,0,0
NJ,2020-12-10,4,0,0,0
NM,2020-12-10,5,0,0,0
NV,2020-12-10,8,0,0,0
NY,2020-12-10,3,0,0,0
OH,2020-12-10,27,0,0,0
OK,2020-12-10,5,0,0,0
OR,2020-12-10,4,0,0,0
PA,2020-12-10,241,2,0,0
SC,2020-12-10,9,0,0,0
TN,2020-12-10,8,0,0,0
TX,2020-12-10,225,1,0,0
VA,2020-12-10,5,0,0,0
WI,2020-12-10,3,0,0,0
AL,2020-12-11,14,0,0,0
AZ,2020-12-11,77,0,0,0
CA,2020-12-11,823,0,0,0
CT,2020-12-11,3,0,0,0
FL,2020-12-11,434,8,0,0
GA,2020-12-11,257,0,0,0
ID,2020-12-11,3,0,0,0
IN,2020-12-11,286,0,0,0
LA,2020-12-11,34,0,0,0
MA,2020-12-11,68,4,0,0
MD,2020-12-11,7,0,0,0
MI,2020-12-11,83,0,0,0
NC,2020-12-11,167,0,0,0
NJ,2020-12-11,4,0,0,0
NV,2020-12-11,6,0,0,0
OH,2020-12-11,18,0,0,0
OK,2020-12-11,12,0,0,0
PA,2020-12-11,267,1,0,0
SC,2020-12-11,3,0,0,0
TX,2020-12-11,214,0,0,0
VA,2020-12-11,3,0,0,0
AL,2020-12-12,4,0,0,0
AR,2020-12-12,3,0,0,0
AZ,2020-12-12,77,0,0,0
CA,2020-12-12,741,4,0,0
CO,2020-12-12,5,0,0,0
CT,2020-12-12,3,0,0,0
FL,2020-12-12,490,3,0,0
GA,2020-12-12,241,0,0,0
IL,2020-12-12,11,0,0,0
IN,2020-12-12,357,1,0,0
KY,2020-12-12,3,0,0,0
LA,2020-12-12,36,0,0,0
MA,2020-12-12,65,5,0,0
MI,2020-12-12,73,0,0,0
MN,2020-12-12,3,0,0,0
NC,2020-12-12,191,0,0,0
NJ,2020-12-12,8,0,0,0
NV,2020-12-12,5,0,0,0
NY,2020-12-12,9,0,0,0
OH,2020-12-12,12,0,0,0
PA,2020-12-12,212,0,0,0
SC,2020-12-12,7,0,0,0
TX,2020-12-12,214,0,0,0
AZ,2020-12-13,81,0,0,0
CA,2020-12-13,684,0,0,0
FL,2020-12-13,501,5,0,0
GA,2020-12-13,213,1,0,0
IL,2020-12-13,4,0,0,0
IN,2020-12-13,313,0,0,0
LA,2020-12-13,22,0,0,0
MA,2020-12-13,53,3,0,0
MI,2020-12-13,56,0,0,0
NC,2020-12-13,166,0,0,0
OH,2020-12-13,9,1,0,0
PA,2020-12-13,207,0,0,0
SC,2020-12-13,5,0,0,0
TX,2020-12-13,179,0,0,0
AL,2020-12-14,4,0,0,0
AZ,2020-12-14,97,0,0,0
CA,2020-12-14,1230,5,0,0
CO,2020-12-14,5,0,0,0
FL,2020-12-14,585,12,0,0
GA,2020-12-14,297,2,0,0
IL,2020-12-14,11,0,0,0
IN,2020-12-14,400,1,0,0
KY,2020-12-14,7,0,0,0
LA,2020-12-14,34,0,0,0
MA,2020-12-14,80,1,0,0
MD,2020-12-14,4,0,0,0
MI,2020-12-14,73,0,0,0
NC,2020-12-14,237,0,0,0
NJ,2020-12-14,15,0,0,0
NY,2020-12-14,5,0,0,0
OH,2020-12-14,12,1,0,0
OK,2020-12-14,10,0,0,0
PA,2020-12-14,237,3,0,0
SC,2020-12-14,10,0,0,0
TN,2020-12-14,6,0,0,0
TX,2020-12-14,244,0,0,0
WA,2020-12-14,3,0,0,0
WI,2020-12-14,3,0,0,0
WV,2020-12-14,3,0,0,0
AL,2020-12-15,9,0,0,0
AZ,2020-12-15,96,0,0,0
CA,2020-12-15,1053,4,0,0
CO,2020-12-15,5,0,0,0
CT,2020-12-15,4,0,0,0
FL,2020-12-15,529,5,0,0
GA,2020-12-15,286,0,0,0
IL,2020-12-15,15,0,0,0
IN,2020-12-15,301,0,0,0
KS,2020-12-15,3,0,0,0
KY,2020-12-15,13,0,0,0
LA,2020-12-15,43,0,0,0
MA,2020-12-15,83,2,0,0
MD,2020-12-15,4,0,0,0
MI,2020-12-15,87,0,0,0
MN,2020-12-15,4,0,0,0
MO,2020-12-15,4,0,0,0
MS,2020-12-15,6,0,0,0
NC,2020-12-15,198,0,0,0
NJ,2020-12-15,6,0,0,0
NM,2020-12-15,3,0,0,0
NV,2020-12-15,3,0,0,0
NY,2020-12-15,7,0,0,0
OH,2020-12-15,17,0,0,0
OR,2020-12-15,6,0,0,0
PA,2020-12-15,258,1,0,0
PR,2020-12-15,3,0,0,0
RI,2020-12-15,5,2,0,0
SC,2020-12-15,9,0,0,0
TN,2020-12-15,14,0,0,0
TX,2020-12-15,243,0,0,0
VA,2020-12-15,7,0,0,0
WA,2020-12-15,3,0,0,0
WI,2020-12-15,6,0,0,0
AL,2020-12-16,3,0,0,0
AZ,2020-12-16,89,0,0,0
CA,2020-12-16,1044,4,0,0
FL,2020-12-16,437,9,0,0
GA,2020-12-16,219,0,0,0
IL,2020-12-16,13,0,0,0
IN,2020-12-16,293,0,0,0
KY,2020-12-16,3,0,0,0
LA,2020-12-16,30,0,0,0
MA,2020-12-16,65,2,0,0
MD,2020-12-16,5,0,0,0
MI,2020-12-16,65,0,0,0
NC,2020-12-16,162,0,0,0
NJ,2020-12-16,12,0,0,0
NV,2020-12-16,5,0,0,0
NY,2020-12-16,7,0,0,0
OH,2020-12-16,6,0,0,0
PA,2020-12-16,197,0,0,0
SC,2020-12-16,4,0,0,0
TN,2020-12-16,5,0,0,0
TX,2020-12-16,202,0,0,0
VA,2020-12-16,4,0,0,0
AL,2020-12-17,8,0,0,0
AR,2020-12-17,4,0,0,0
AZ,2020-12-17,71,0,0,0
CA,2020-12-17,1069,8,0,0
CO,2020-12-17,4,0,0,0
DE,2020-12-17,3,0,0,0
FL,2020-12-17,495,1,0,0
GA,2020-12-17,237,1,0,0
IL,2020-12-17,14,0,0,0
IN,2020-12-17,274,0,0,0
KS,2020-12-17,3,0,0,0
KY,2020-12-17,10,0,0,0
LA,2020-12-17,33,0,0,0
MA,2020-12-17,71,0,0,0
MI,2020-12-17,72,0,0,0
MN,2020-12-17,5,0,0,0
MS,2020-12-17,9,0,0,0
NC,2020-12-17,202,0,0,0
NJ,2020-12-17,6,0,0,0
NV,2020-12-17,3,0,0,0
NY,2020-12-17,7,0,0,0
OH,2020-12-17,24,0,0,0
OR,2020-12-17,4,0,0,0
PA,2020-12-17,192,0,0,0
SC,2020-12-17,7,0,0,0
TN,2020-12-17,9,0,0,0
TX,2020-12-17,223,0,0,0
VA,2020-12-17,6,0,0,0
AL,2020-12-18,8,0,0,0
AZ,2020-12-18,82,0,0,0
CA,2020-12-18,909,6,0,0
CO,2020-12-18,3,0,0,0
FL,2020-12-18,515,7,0,0
GA,2020-12-18,220,2,0,0
IL,2020-12-18,7,0,0,0
IN,2020-12-18,299,0,0,0
LA,2020-12-18,35,0,0,0
MA,2020-12-18,76,3,0,0
MI,2020-12-18,59,1,0,0
NC,2020-12-18,190,0,0,0
NJ,2020-12-18,5,0,0,0
NY,2020-12-18,5,0,0,0
OH,2020-12-18,8,0,0,0
OK,2020-12-18,5,0,0,0
PA,2020-12-18,200,0,0,0
SC,2020-12-18,7,0,0,0
TX,2020-12-18,198,0,0,0
AZ,2020-12-19,60,0,0,0
CA,2020-12-19,772,2,0,0
FL,2020-12-19,501,5,5,1
GA,2020-12-19,228,0,0,0
IL,2020-12-19,9,0,0,0
IN,2020-12-19,269,0,0,0
LA,2020-12-19,29,0,0,0
MA,2020-12-19,66,4,4,0
MI,2020-12-19,59,0,0,0
MO,2020-12-19,3,0,0,0
NC,2020-12-19,147,0,0,0
NJ,2020-12-19,8,0,0,0
OH,2020-12-19,13,0,0,0
PA,2020-12-19,195,1,1,0
SC,2020-12-19,4,0,0,0
TX,2020-12-19,196,0,0,0
VA,2020-12-19,7,0,0,0
WA,2020-12-19,3,0,0,0
WI,2020-12-19,6,0,0,0
AZ,2020-12-20,77,0,0,0
CA,2020-12-20,669,2,1,1
CT,2020-12-20,3,0,0,0
FL,2020-12-20,407,3,3,0
GA,2020-12-20,192,0,0,0
IL,2020-12-20,4,0,0,0
IN,2020-12-20,247,1,1,0
LA,2020-12-20,29,0,0,0
MA,2020-12-20,43,2,2,0
MI,2020-12-20,63,0,0,0
NC,2020-12-20,125,0,0,0
NJ,2020-12-20,4,0,0,0
OH,2020-12-20,8,0,0,0
PA,2020-12-20,140,1,1,0
TX,2020-12-20,174,0,0,0
AL,2020-12-21,3,0,0,0
AR,2020-12-21,3,0,0,0
AZ,2020-12-21,94,0,0,0
CA,2020-12-21,989,3,3,1
CT,2020-12-21,3,0,0,0
FL,2020-12-21,553,10,0,0
GA,2020-12-21,302,2,0,0
IL,2020-12-21,5,0,0,0
IN,2020-12-21,341,0,0,0
LA,2020-12-21,43,0,0,0
MA,2020-12-21,36,0,0,0
MI,2020-12-21,64,0,0,0
NC,2020-12-21,170,0,0,0
NJ,2020-12-21,6,0,0,0
NY,2020-12-21,11,0,0,0
OH,2020-12-21,17,0,0,0
OK,2020-12-21,10,0,0,0
PA,2020-12-21,215,0,0,0
SC,2020-12-21,9,0,0,0
TN,2020-12-21,7,0,0,0
TX,2020-12-21,230,0,0,0
VA,2020-12-21,3,0,0,0
AL,2020-12-22,16,0,0,0
AZ,2020-12-22,94,0,0,0
CA,2020-12-22,1037,10,0,0
CO,2020-12-22,3,0,0,0
FL,2020-12-22,455,4,0,0
GA,2020-12-22,281,1,0,0
IL,2020-12-22,15,0,0,0
IN,2020-12-22,270,2,0,0
KY,2020-12-22,9,0,0,0
LA,2020-12-22,26,0,0,0
MA,2020-12-22,59,1,0,0
MI,2020-12-22,74,0,0,0
MN,2020-12-22,5,0,0,0
MS,2020-12-22,10,0,0,0
NC,2020-12-22,183,0,0,0
NJ,2020-12-22,7,0,0,0
NV,2020-12-22,9,0,0,0
NY,2020-12-22,5,0,0,0
OH,2020-12-22,29,0,0,0
OK,2020-12-22,3,0,0,0
OR,2020-12-22,6,0,0,0
PA,2020-12-22,180,1,0,0
SC,2020-12-22,6,0,0,0
TN,2020-12-22,13,0,0,0
TX,2020-12-22,235,0,0,0
VA,2020-12-22,8,0,0,0
WI,2020-12-22,5,0,0,0
AL,2020-12-23,11,0,0,0
AZ,2020-12-23,111,0,0,0
CA,2020-12-23,999,2,0,0
FL,2020-12-23,622,9,0,0
GA,2020-12-23,318,0,0,0
IL,2020-12-23,19,0,0,0
IN,2020-12-23,330,1,1,0
LA,2020-12-23,45,0,0,0
MA,2020-12-23,58,4,0,0
MI,2020-12-23,58,0,0,0
NC,2020-12-23,203,0,0,0
NJ,2020-12-23,14,0,0,0
NV,2020-12-23,5,0,0,0
NY,2020-12-23,9,0,0,0
OH,2020-12-23,10,0,0,0
PA,2020-12-23,251,1,0,0
SC,2020-12-23,13,0,0,0
TN,2020-12-23,5,0,0,0
TX,2020-12-23,267,0,0,0
VA,2020-12-23,5,0,0,0
AL,2020-12-24,7,0,0,0
AZ,2020-12-24,113,0,0,0
CA,2020-12-24,814,4,1,0
DE,2020-12-24,5,0,0,0
FL,2020-12-24,735,6,0,0
GA,2020-12-24,350,0,0,0
IL,2020-12-24,13,0,0,0
IN,2020-12-24,332,1,1,0
LA,2020-12-24,30,0,0,0
MA,2020-12-24,70,1,1,0
MD,2020-12-24,5,0,0,0
MI,2020-12-24,55,0,0,0
NC,2020-12-24,237,0,0,0
NJ,2020-12-24,7,0,0,0
NV,2020-12-24,6,0,0,0
NY,2020-12-24,6,0,0,0
OH,2020-12-24,12,0,0,0
OK,2020-12-24,3,0,0,0
OR,2020-12-24,4,0,0,0
PA,2020-12-24,265,1,1,0
SC,2020-12-24,7,0,0,0
TN,2020-12-24,4,0,0,0
TX,2020-12-24,312,1,1,0
VA,2020-12-24,6,0,0,0
CA,2020-12-25,244,1,0,0
OR,2020-12-25,4,0,0,0
AL,2020-12-26,3,0,0,0
AR,2020-12-26,3,0,0,0
AZ,2020-12-26,118,1,1,0
CA,2020-12-26,1013,4,4,4
FL,2020-12-26,716,9,9,5
GA,2020-12-26,396,0,0,0
HI,2020-12-26,3,0,0,0
IL,2020-12-26,9,0,0,0
IN,2020-12-26,394,0,0,0
KY,2020-12-26,3,0,0,0
LA,2020-12-26,63,0,0,0
MA,2020-12-26,91,4,4,0
MD,2020-12-26,6,0,0,0
MI,2020-12-26,81,0,0,0
NC,2020-12-26,268,0,0,0
NJ,2020-12-26,13,0,0,0
NY,2020-12-26,6,0,0,0
OH,2020-12-26,6,0,0,0
PA,2020-12-26,292,0,0,0
SC,2020-12-26,12,0,0,0
TN,2020-12-26,3,0,0,0
TX,2020-12-26,325,1,1,0
AL,2020-12-27,10,1,1,0
AZ,2020-12-27,94,0,0,0
CA,2020-12-27,949,3,3,2
FL,2020-12-27,633,6,6,2
GA,2020-12-27,320,0,0,0
IL,2020-12-27,4,0,0,0
IN,2020-12-27,316,0,0,0
LA,2020-12-27,40,0,0,0
MA,2020-12-27,79,2,2,0
MD,2020-12-27,5,0,0,0
MI,2020-12-27,59,0,0,0
NC,2020-12-27,243,0,0,0
NJ,2020-12-27,12,0,0,0
NY,2020-12-27,4,0,0,0
OH,2020-12-27,12,0,0,0
PA,2020-12-27,281,0,0,0
SC,2020-12-27,9,0,0,0
TN,2020-12-27,3,0,0,0
TX,2020-12-27,293,0,0,0
VA,2020-12-27,5,0,0,0
AL,2020-12-28,7,0,0,0
AZ,2020-12-28,125,1,1,0
CA,2020-12-28,1211,4,4,3
FL,2020-12-28,860,12,12,6
GA,2020-12-28,425,0,0,0
IL,2020-12-28,5,0,0,0
IN,2020-12-28,378,0,0,0
KS,2020-12-28,3,0,0,0
KY,2020-12-28,5,0,0,0
LA,2020-12-28,67,1,1,0
MA,2020-12-28,111,4,4,0
MD,2020-12-28,10,0,0,0
MI,2020-12-28,71,0,0,0
MO,2020-12-28,3,0,0,0
NC,2020-12-28,287,0,0,0
NJ,2020-12-28,8,0,0,0
NV,2020-12-28,5,0,0,0
NY,2020-12-28,18,0,0,0
OH,2020-12-28,10,0,0,0
OK,2020-12-28,4,0,0,0
PA,2020-12-28,270,1,1,1
SC,2020-12-28,4,0,0,0
TN,2020-12-28,3,0,0,0
TX,2020-12-28,331,0,0,0
VA,2020-12-28,5,0,0,0
AL,2020-12-29,12,0,0,0
AZ,2020-12-29,145,0,0,0
CA,2020-12-29,1465,11,11,7
DE,2020-12-29,3,0,0,0
FL,2020-12-29,832,13,13,5
GA,2020-12-29,439,1,1,1
HI,2020-12-29,4,0,0,0
IL,2020-12-29,13,0,0,0
IN,2020-12-29,386,0,0,0
KY,2020-12-29,8,0,0,0
LA,2020-12-29,82,0,0,0
MA,2020-12-29,107,4,4,0
MD,2020-12-29,6,0,0,0
MI,2020-12-29,76,0,0,0
MS,2020-12-29,3,0,0,0
NC,2020-12-29,341,0,0,0
NJ,2020-12-29,9,0,0,0
NM,2020-12-29,3,0,0,0
NV,2020-12-29,5,0,0,0
NY,2020-12-29,8,0,0,0
OH,2020-12-29,15,0,0,0
PA,2020-12-29,293,2,2,0
SC,2020-12-29,8,0,0,0
TN,2020-12-29,10,0,0,0
TX,2020-12-29,361,0,0,0
VA,2020-12-29,14,0,0,0
WA,2020-12-29,4,0,0,0
WI,2020-12-29,8,0,0,0
AL,2020-12-30,11,0,0,0
AZ,2020-12-30,126,0,0,0
CA,2020-12-30,1456,8,7,4
CO,2020-12-30,4,0,0,0
CT,2020-12-30,3,0,0,0
FL,2020-12-30,767,11,11,7
GA,2020-12-30,398,0,0,0
IL,2020-12-30,6,0,0,0
IN,2020-12-30,384,0,0,0
KY,2020-12-30,4,0,0,0
LA,2020-12-30,77,0,0,0
MA,2020-12-30,98,3,3,0
MD,2020-12-30,3,0,0,0
MI,2020-12-30,95,0,0,0
MO,2020-12-30,4,0,0,0
NC,2020-12-30,270,1,1,0
NJ,2020-12-30,5,0,0,0
NY,2020-12-30,13,0,0,0
OH,2020-12-30,12,0,0,0
PA,2020-12-30,272,1,1,0
TN,2020-12-30,5,0,0,0
TX,2020-12-30,344,0,0,0
VA,2020-12-30,5,0,0,0
AL,2020-12-31,6,0,0,0
AZ,2020-12-31,114,0,0,0
CA,2020-12-31,1246,7,7,7
FL,2020-12-31,726,15,15,7
GA,2020-12-31,410,0,0,0
IL,2020-12-31,14,0,0,0
IN,2020-12-31,326,1,1,1
KY,2020-12-31,7,0,0,0
LA,2020-12-31,61,0,0,0
MA,2020-12-31,90,5,5,0
MI,2020-12-31,74,0,0,0
MS,2020-12-31,3,0,0,0
NC,2020-12-31,298,0,0,0
NJ,2020-12-31,9,0,0,0
NV,2020-12-31,8,0,0,0
NY,2020-12-31,17,0,0,0
OH,2020-12-31,11,0,0,0
OK,2020-12-31,3,0,0,0
OR,2020-12-31,3,0,0,0
PA,2020-12-31,241,2,1,0
SC,2020-12-31,4,0,0,0
TN,2020-12-31,5,0,0,0
TX,2020-12-31,243,0,0,0
VA,2020-12-31,3,0,0,0
WA,2020-12-31,8,0,0,0
CA,2021-01-01,533,0,0,0
AL,2021-01-02,9,1,1,0
AZ,2021-01-02,115,0,0,0
CA,2021-01-02,1092,7,4,4
FL,2021-01-02,866,17,15,5
GA,2021-01-02,440,1,1,0
IL,2021-01-02,4,0,0,0
IN,2021-01-02,443,0,0,0
KY,2021-01-02,8,0,0,0
LA,2021-01-02,95,1,1,0
MA,2021-01-02,94,6,0,0
MI,2021-01-02,98,0,0,0
NC,2021-01-02,280,1,0,0
NJ,2021-01-02,15,0,0,0
NY,2021-01-02,10,0,0,0
OH,2021-01-02,14,0,0,0
PA,2021-01-02,321,0,0,0
SC,2021-01-02,8,0,0,0
TN,2021-01-02,10,0,0,0
TX,2021-01-02,291,1,1,1
VA,2021-01-02,5,0,0,0
AL,2021-01-03,13,0,0,0
AZ,2021-01-03,117,0,0,0
CA,2021-01-03,1044,7,5,5
FL,2021-01-03,768,14,9,2
GA,2021-01-03,392,3,2,1
IL,2021-01-03,5,0,0,0
IN,2021-01-03,343,1,0,0
KY,2021-01-03,6,0,0,0
LA,2021-01-03,58,0,0,0
MA,2021-01-03,92,2,1,0
MD,2021-01-03,7,0,0,0
MI,2021-01-03,112,0,0,0
MS,2021-01-03,5,0,0,0
NC,2021-01-03,211,0,0,0
NJ,2021-01-03,6,0,0,0
NY,2021-01-03,14,0,0,0
OH,2021-01-03,11,0,0,0
PA,2021-01-03,279,0,0,0
TN,2021-01-03,4,0,0,0
TX,2021-01-03,255,0,0,0
VA,2021-01-03,6,0,0,0
WA,2021-01-03,3,0,0,0
AL,2021-01-04,6,0,0,0
AR,2021-01-04,3,0,0,0
AZ,2021-01-04,160,0,0,0
CA,2021-01-04,1607,5,1,1
CT,2021-01-04,3,0,0,0
FL,2021-01-04,1046,12,9,3
GA,2021-01-04,478,3,3,2
IL,2021-01-04,11,0,0,0
IN,2021-01-04,409,2,2,2
KY,2021-01-04,9,0,0,0
LA,2021-01-04,72,1,1,0
MA,2021-01-04,97,5,5,0
MD,2021-01-04,3,0,0,0
MI,2021-01-04,85,0,0,0
MO,2021-01-04,3,0,0,0
NC,2021-01-04,311,0,0,0
NJ,2021-01-04,7,0,0,0
NY,2021-01-04,5,0,0,0
OH,2021-01-04,7,0,0,0
PA,2021-01-04,304,3,3,0
SC,2021-01-04,8,0,0,0
TX,2021-01-04,370,1,1,0
AL,2021-01-05,14,0,0,0
AR,2021-01-05,3,0,0,0
AZ,2021-01-05,130,0,0,0
CA,2021-01-05,1388,20,19,15
DE,2021-01-05,4,0,0,0
FL,2021-01-05,857,13,12,4
GA,2021-01-05,459,1,1,1
IL,2021-01-05,16,0,0,0
IN,2021-01-05,373,1,1,0
KY,2021-01-05,9,0,0,0
LA,2021-01-05,61,0,0,0
MA,2021-01-05,120,2,2,0
MI,2021-01-05,89,0,0,0
MO,2021-01-05,3,0,0,0
MS,2021-01-05,4,0,0,0
NC,2021-01-05,303,1,1,0
NJ,2021-01-05,14,0,0,0
NV,2021-01-05,10,0,0,0
NY,2021-01-05,14,0,0,0
OH,2021-01-05,14,0,0,0
PA,2021-01-05,330,2,2,1
RI,2021-01-05,3,0,0,0
SC,2021-01-05,14,0,0,0
TN,2021-01-05,6,0,0,0
TX,2021-01-05,279,0,0,0
VA,2021-01-05,6,0,0,0
WA,2021-01-05,5,0,0,0
AL,2021-01-06,6,0,0,0
AZ,2021-01-06,125,0,0,0
CA,2021-01-06,1288,7,7,4
FL,2021-01-06,776,9,8,2
GA,2021-01-06,398,3,3,1
IL,2021-01-06,12,0,0,0
IN,2021-01-06,298,1,1,0
LA,2021-01-06,64,0,0,0
MA,2021-01-06,118,4,4,1
MD,2021-01-06,4,0,0,0
MI,2021-01-06,79,0,0,0
NC,2021-01-06,269,2,2,1
NJ,2021-01-06,13,0,0,0
NV,2021-01-06,3,0,0,0
NY,2021-01-06,12,0,0,0
OH,2021-01-06,3,0,0,0
PA,2021-01-06,304,3,3,0
SC,2021-01-06,11,0,0,0
TN,2021-01-06,5,0,0,0
TX,2021-01-06,279,0,0,0
VA,2021-01-06,3,0,0,0
AL,2021-01-07,7,0,0,0
AR,2021-01-07,4,0,0,0
AZ,2021-01-07,117,0,0,0
CA,2021-01-07,1188,10,9,9
CT,2021-01-07,3,0,0,0
FL,2021-01-07,717,18,15,9
GA,2021-01-07,368,1,1,0
IL,2021-01-07,15,0,0,0
IN,2021-01-07,338,0,0,0
KY,2021-01-07,5,0,0,0
LA,2021-01-07,51,0,0,0
MA,2021-01-07,116,3,2,0
MD,2021-01-07,5,0,0,0
MI,2021-01-07,69,0,0,0
MN,2021-01-07,5,0,0,0
MO,2021-01-07,4,0,0,0
NC,2021-01-07,285,1,1,0
NJ,2021-01-07,12,0,0,0
NV,2021-01-07,4,0,0,0
NY,2021-01-07,11,0,0,0
OH,2021-01-07,15,0,0,0
OK,2021-01-07,4,0,0,0
PA,2021-01-07,294,1,0,0
SC,2021-01-07,4,0,0,0
TN,2021-01-07,10,0,0,0
TX,2021-01-07,266,0,0,0
VA,2021-01-07,12,0,0,0
WA,2021-01-07,6,0,0,0
AL,2021-01-08,4,0,0,0
AZ,2021-01-08,128,0,0,0
CA,2021-01-08,983,9,7,7
CT,2021-01-08,4,0,0,0
DE,2021-01-08,3,0,0,0
FL,2021-01-08,763,11,10,4
GA,2021-01-08,324,3,3,3
IL,2021-01-08,45,0,0,0
IN,2021-01-08,268,0,0,0
KY,2021-01-08,4,0,0,0
LA,2021-01-08,58,0,0,0
MA,2021-01-08,98,5,5,0
MI,2021-01-08,67,0,0,0
MN,2021-01-08,9,0,0,0
NC,2021-01-08,220,1,1,0
NJ,2021-01-08,12,0,0,0
NY,2021-01-08,7,0,0,0
OH,2021-01-08,12,0,0,0
OK,2021-01-08,7,0,0,0
PA,2021-01-08,311,0,0,0
SC,2021-01-08,3,0,0,0
TX,2021-01-08,251,2,2,2
AZ,2021-01-09,109,0,0,0
CA,2021-01-09,798,0,0,0
FL,2021-01-09,556,12,11,7
GA,2021-01-09,267,1,1,1
IL,2021-01-09,26,0,0,0
IN,2021-01-09,272,0,0,0
LA,2021-01-09,34,1,1,0
MA,2021-01-09,88,2,2,1
MI,2021-01-09,62,0,0,0
MN,2021-01-09,7,0,0,0
NC,2021-01-09,209,0,0,0
NJ,2021-01-09,9,0,0,0
NY,2021-01-09,3,0,0,0
OH,2021-01-09,10,0,0,0
PA,2021-01-09,239,1,1,1
SC,2021-01-09,5,0,0,0
TX,2021-01-09,205,0,0,0
VA,2021-01-09,6,0,0,0
WA,2021-01-09,4,0,0,0
AZ,2021-01-10,81,0,0,0
CA,2021-01-10,643,7,7,7
FL,2021-01-10,490,11,10,8
GA,2021-01-10,221,0,0,0
IL,2021-01-10,28,0,0,0
IN,2021-01-10,256,0,0,0
KY,2021-01-10,6,0,0,0
LA,2021-01-10,36,0,0,0
MA,2021-01-10,83,3,2,0
MI,2021-01-10,53,1,1,1
MN,2021-01-10,8,0,0,0
NC,2021-01-10,171,1,1,0
NJ,2021-01-10,6,0,0,0
NY,2021-01-10,3,0,0,0
OH,2021-01-10,7,0,0,0
PA,2021-01-10,184,3,2,1
TX,2021-01-10,191,0,0,0
AL,2021-01-11,4,0,0,0
AZ,2021-01-11,163,0,0,0
CA,2021-01-11,1035,12,11,10
FL,2021-01-11,769,14,13,11
GA,2021-01-11,357,2,2,2
IL,2021-01-11,33,0,0,0
IN,2021-01-11,264,0,0,0
LA,2021-01-11,41,1,1,1
MA,2021-01-11,123,9,9,0
MI,2021-01-11,63,1,1,1
MN,2021-01-11,20,0,0,0
NC,2021-01-11,243,1,1,1
NJ,2021-01-11,5,0,0,0
NV,2021-01-11,3,0,0,0
NY,2021-01-11,10,0,0,0
OH,2021-01-11,12,0,0,0
PA,2021-01-11,277,1,1,0
TX,2021-01-11,254,0,0,0
WI,2021-01-11,3,0,0,0
AL,2021-01-12,9,0,0,0
AZ,2021-01-12,133,0,0,0
CA,2021-01-12,872,9,9,7
CO,2021-01-12,5,0,0,0
DE,2021-01-12,4,0,0,0
FL,2021-01-12,610,13,13,10
GA,2021-01-12,353,3,2,2
IL,2021-01-12,43,0,0,0
IN,2021-01-12,254,0,0,0
KY,2021-01-12,3,0,0,0
LA,2021-01-12,45,0,0,0
MA,2021-01-12,102,1,1,0
MI,2021-01-12,54,1,1,1
MN,2021-01-12,12,0,0,0
MO,2021-01-12,5,0,0,0
MS,2021-01-12,5,0,0,0
NC,2021-01-12,260,0,0,0
NJ,2021-01-12,10,0,0,0
NM,2021-01-12,3,0,0,0
NV,2021-01-12,10,0,0,0
NY,2021-01-12,5,0,0,0
OH,2021-01-12,13,1,1,0
PA,2021-01-12,249,0,0,0
RI,2021-01-12,3,0,0,0
SC,2021-01-12,12,0,0,0
TN,2021-01-12,5,0,0,0
TX,2021-01-12,249,0,0,0
VA,2021-01-12,12,0,0,0
WA,2021-01-12,3,0,0,0
WI,2021-01-12,4,0,0,0
AL,2021-01-13,6,0,0,0
AZ,2021-01-13,93,1,1,0
CA,2021-01-13,847,4,4,4
FL,2021-01-13,609,13,13,7
GA,2021-01-13,270,1,1,0
IL,2021-01-13,39,0,0,0
IN,2021-01-13,212,0,0,0
LA,2021-01-13,29,0,0,0
MA,2021-01-13,74,0,0,0
MI,2021-01-13,47,0,0,0
MN,2021-01-13,11,0,0,0
MO,2021-01-13,5,0,0,0
NC,2021-01-13,219,0,0,0
NJ,2021-01-13,12,0,0,0
NY,2021-01-13,12,0,0,0
OH,2021-01-13,6,0,0,0
PA,2021-01-13,218,0,0,0
SC,2021-01-13,3,0,0,0
TX,2021-01-13,214,0,0,0
VA,2021-01-13,4,0,0,0
AL,2021-01-14,8,0,0,0
AR,2021-01-14,3,0,0,0
AZ,2021-01-14,105,0,0,0
CA,2021-01-14,814,12,11,10
CT,2021-01-14,3,0,0,0
FL,2021-01-14,641,16,16,12
GA,2021-01-14,311,7,7,6
IL,2021-01-14,44,0,0,0
IN,2021-01-14,228,0,0,0
KY,2021-01-14,6,0,0,0
LA,2021-01-14,34,0,0,0
MA,2021-01-14,118,2,2,0
MI,2021-01-14,47,0,0,0
MN,2021-01-14,9,0,0,0
MS,2021-01-14,8,0,0,0
NC,2021-01-14,247,2,2,2
NJ,2021-01-14,10,0,0,0
NV,2021-01-14,6,0,0,0
NY,2021-01-14,3,0,0,0
OH,2021-01-14,12,0,0,0
PA,2021-01-14,247,5,5,0
SC,2021-01-14,11,0,0,0
TN,2021-01-14,3,0,0,0
TX,2021-01-14,260,0,0,0
VA,2021-01-14,7,0,0,0
WA,2021-01-14,3,0,0,0
AL,2021-01-15,7,0,0,0
AZ,2021-01-15,92,0,0,0
CA,2021-01-15,719,4,4,3
FL,2021-01-15,611,17,17,10
GA,2021-01-15,281,1,1,1
IL,2021-01-15,32,0,0,0
IN,2021-01-15,209,1,1,0
LA,2021-01-15,26,0,0,0
MA,2021-01-15,85,3,3,0
MI,2021-01-15,34,0,0,0
MN,2021-01-15,11,0,0,0
MO,2021-01-15,3,0,0,0
NC,2021-01-15,208,1,1,0
NJ,2021-01-15,6,1,1,1
NV,2021-01-15,3,1,1,0
NY,2021-01-15,9,0,0,0
OH,2021-01-15,7,0,0,0
PA,2021-01-15,229,2,2,2
SC,2021-01-15,5,0,0,0
TX,2021-01-15,190,1,1,0
AZ,2021-01-16,108,0,0,0
CA,2021-01-16,629,13,13,11
FL,2021-01-16,587,24,24,18
GA,2021-01-16,259,2,2,1
IL,2021-01-16,26,0,0,0
IN,2021-01-16,197,0,0,0
KY,2021-01-16,3,0,0,0
LA,2021-01-16,34,0,0,0
MA,2021-01-16,92,2,2,1
MD,2021-01-16,5,0,0,0
MI,2021-01-16,42,0,0,0
MN,2021-01-16,8,2,2,2
MS,2021-01-16,3,0,0,0
NC,2021-01-16,198,0,0,0
NJ,2021-01-16,15,1,1,1
NY,2021-01-16,10,2,2,1
OH,2021-01-16,8,0,0,0
PA,2021-01-16,208,2,2,1
TX,2021-01-16,160,0,0,0
VA,2021-01-16,7,1,1,1
AZ,2021-01-17,80,0,0,0
CA,2021-01-17,530,3,3,3
FL,2021-01-17,508,17,17,16
GA,2021-01-17,234,1,1,0
IL,2021-01-17,26,0,0,0
IN,2021-01-17,215,0,0,0
LA,2021-01-17,20,0,0,0
MA,2021-01-17,66,0,0,0
MD,2021-01-17,4,0,0,0
MI,2021-01-17,37,0,0,0
MN,2021-01-17,11,0,0,0
NC,2021-01-17,174,1,1,1
NJ,2021-01-17,13,0,0,0
NY,2021-01-17,8,1,1,1
PA,2021-01-17,163,1,1,1
TX,2021-01-17,184,2,2,1
AL,2021-01-18,5,0,0,0
AZ,2021-01-18,125,0,0,0
CA,2021-01-18,835,6,6,5
FL,2021-01-18,703,28,26,19
GA,2021-01-18,306,2,2,2
IL,2021-01-18,41,0,0,0
IN,2021-01-18,202,1,1,1
LA,2021-01-18,33,0,0,0
MA,2021-01-18,103,0,0,0
MD,2021-01-18,5,0,0,0
MI,2021-01-18,35,0,0,0
MN,2021-01-18,8,0,0,0
NC,2021-01-18,265,0,0,0
NJ,2021-01-18,9,0,0,0
NY,2021-01-18,6,0,0,0
OH,2021-01-18,3,0,0,0
PA,2021-01-18,223,3,2,1
RI,2021-01-18,4,0,0,0
SC,2021-01-18,6,0,0,0
TN,2021-01-18,3,0,0,0
TX,2021-01-18,285,2,2,2
AL,2021-01-19,11,0,0,0
AZ,2021-01-19,141,1,0,0
CA,2021-01-19,667,10,9,8
CO,2021-01-19,3,0,0,0
FL,2021-01-19,613,25,19,18
GA,2021-01-19,282,5,2,2
IL,2021-01-19,35,0,0,0
IN,2021-01-19,211,0,0,0
KY,2021-01-19,7,0,0,0
LA,2021-01-19,23,0,0,0
MA,2021-01-19,100,3,2,0
MD,2021-01-19,6,0,0,0
MI,2021-01-19,38,0,0,0
MN,2021-01-19,9,0,0,0
MS,2021-01-19,5,0,0,0
NC,2021-01-19,280,2,1,0
NJ,2021-01-19,13,0,0,0
NV,2021-01-19,3,0,0,0
NY,2021-01-19,11,0,0,0
OH,2021-01-19,11,0,0,0
OR,2021-01-19,3,0,0,0
PA,2021-01-19,275,3,1,0
SC,2021-01-19,11,0,0,0
TN,2021-01-19,6,0,0,0
TX,2021-01-19,227,0,0,0
VA,2021-01-19,7,0,0,0
WI,2021-01-19,5,0,0,0
AL,2021-01-20,6,0,0,0
AZ,2021-01-20,101,0,0,0
CA,2021-01-20,682,12,7,7
FL,2021-01-20,657,29,11,11
GA,2021-01-20,285,4,2,1
IL,2021-01-20,22,0,0,0
IN,2021-01-20,186,0,0,0
KY,2021-01-20,3,0,0,0
LA,2021-01-20,36,0,0,0
MA,2021-01-20,101,4,2,0
MD,2021-01-20,5,0,0,0
MI,2021-01-20,34,0,0,0
MN,2021-01-20,5,0,0,0
NC,2021-01-20,242,0,0,0
NJ,2021-01-20,10,0,0,0
NM,2021-01-20,3,0,0,0
NY,2021-01-20,16,0,0,0
PA,2021-01-20,227,3,2,1
TN,2021-01-20,3,0,0,0
TX,2021-01-20,228,7,3,3
AL,2021-01-21,5,0,0,0
AR,2021-01-21,3,0,0,0
AZ,2021-01-21,133,0,0,0
CA,2021-01-21,674,20,19,3
CT,2021-01-21,3,0,0,0
FL,2021-01-21,664,36,6,4
GA,2021-01-21,280,5,2,2
IL,2021-01-21,27,1,1,0
IN,2021-01-21,185,2,1,1
KY,2021-01-21,5,0,0,0
LA,2021-01-21,30,0,0,0
MA,2021-01-21,84,1,1,0
MI,2021-01-21,48,0,0,0
MN,2021-01-21,13,0,0,0
NC,2021-01-21,225,0,0,0
NJ,2021-01-21,6,0,0,0
NY,2021-01-21,6,1,1,1
OH,2021-01-21,7,0,0,0
OK,2021-01-21,3,0,0,0
PA,2021-01-21,276,0,0,0
SC,2021-01-21,3,0,0,0
TX,2021-01-21,249,2,2,2
WA,2021-01-21,3,0,0,0
WI,2021-01-21,3,0,0,0
AL,2021-01-22,10,0,0,0
AZ,2021-01-22,97,2,1,0
CA,2021-01-22,629,7,7,3
FL,2021-01-22,711,27,6,5
GA,2021-01-22,267,7,2,1
IL,2021-01-22,27,2,1,0
IN,2021-01-22,161,3,1,0
LA,2021-01-22,26,1,1,1
MA,2021-01-22,92,1,0,0
MD,2021-01-22,4,0,0,0
MI,2021-01-22,39,1,1,1
MN,2021-01-22,9,0,0,0
NC,2021-01-22,201,0,0,0
NJ,2021-01-22,9,1,0,0
NY,2021-01-22,10,0,0,0
OH,2021-01-22,6,0,0,0
OK,2021-01-22,4,0,0,0
PA,2021-01-22,257,3,2,2
SC,2021-01-22,3,0,0,0
TX,2021-01-22,229,6,1,1
VA,2021-01-22,4,0,0,0
WI,2021-01-22,3,0,0,0
AL,2021-01-23,5,0,0,0
AZ,2021-01-23,79,0,0,0
CA,2021-01-23,436,7,7,1
FL,2021-01-23,525,26,26,26
GA,2021-01-23,226,2,2,2
IL,2021-01-23,25,2,2,1
IN,2021-01-23,137,0,0,0
LA,2021-01-23,24,0,0,0
MA,2021-01-23,83,1,1,0
MI,2021-01-23,23,0,0,0
MN,2021-01-23,4,0,0,0
MS,2021-01-23,4,0,0,0
NC,2021-01-23,213,1,1,1
NJ,2021-01-23,5,0,0,0
OH,2021-01-23,5,0,0,0
PA,2021-01-23,193,0,0,0
SC,2021-01-23,4,0,0,0
TN,2021-01-23,3,0,0,0
TX,2021-01-23,208,0,0,0
WI,2021-01-23,3,0,0,0
AZ,2021-01-24,74,1,0,0
CA,2021-01-24,422,12,2,1
FL,2021-01-24,528,27,1,1
GA,2021-01-24,232,5,0,0
IL,2021-01-24,24,0,0,0
IN,2021-01-24,149,0,0,0
LA,2021-01-24,36,0,0,0
MA,2021-01-24,45,1,0,0
MI,2021-01-24,35,0,0,0
MN,2021-01-24,7,0,0,0
NC,2021-01-24,157,1,0,0
NJ,2021-01-24,4,0,0,0
NY,2021-01-24,4,1,0,0
PA,2021-01-24,186,3,2,2
TX,2021-01-24,158,0,0,0
WI,2021-01-24,3,0,0,0
AL,2021-01-25,4,0,0,0
AZ,2021-01-25,116,0,0,0
CA,2021-01-25,538,17,4,3
FL,2021-01-25,701,50,3,2
GA,2021-01-25,294,6,0,0
IL,2021-01-25,3,1,0,0
IN,2021-01-25,129,0,0,0
LA,2021-01-25,38,1,1,1
MA,2021-01-25,129,6,0,0
MD,2021-01-25,3,0,0,0
MI,2021-01-25,46,0,0,0
MN,2021-01-25,9,0,0,0
NC,2021-01-25,220,1,0,0
NJ,2021-01-25,10,0,0,0
NM,2021-01-25,3,0,0,0
NY,2021-01-25,12,1,0,0
OH,2021-01-25,3,0,0,0
PA,2021-01-25,220,6,0,0
SC,2021-01-25,5,0,0,0
TX,2021-01-25,257,1,0,0
VA,2021-01-25,3,0,0,0
AL,2021-01-26,5,0,0,0
AZ,2021-01-26,89,1,1,0
CA,2021-01-26,545,13,2,2
DE,2021-01-26,3,0,0,0
FL,2021-01-26,605,34,32,31
GA,2021-01-26,273,0,0,0
IL,2021-01-26,23,0,0,0
IN,2021-01-26,134,0,0,0
KY,2021-01-26,6,0,0,0
LA,2021-01-26,34,0,0,0
MA,2021-01-26,92,1,1,1
MI,2021-01-26,33,0,0,0
MN,2021-01-26,12,0,0,0
MS,2021-01-26,3,0,0,0
NC,2021-01-26,216,3,3,3
NJ,2021-01-26,5,0,0,0
NV,2021-01-26,3,0,0,0
NY,2021-01-26,3,0,0,0
OH,2021-01-26,9,0,0,0
PA,2021-01-26,233,2,2,1
SC,2021-01-26,10,0,0,0
TN,2021-01-26,6,0,0,0
TX,2021-01-26,256,8,8,8
WI,2021-01-26,3,0,0,0
WV,2021-01-26,4,0,0,0
AZ,2021-01-27,106,0,0,0
CA,2021-01-27,541,8,0,0
FL,2021-01-27,578,47,46,40
GA,2021-01-27,240,3,2,2
IL,2021-01-27,21,1,1,0
IN,2021-01-27,114,1,1,0
KY,2021-01-27,3,0,0,0
LA,2021-01-27,34,0,0,0
MA,2021-01-27,62,3,3,1
MI,2021-01-27,33,0,0,0
MN,2021-01-27,11,1,1,0
NC,2021-01-27,201,3,3,3
NJ,2021-01-27,5,0,0,0
NY,2021-01-27,5,0,0,0
OH,2021-01-27,4,0,0,0
PA,2021-01-27,207,4,4,4
SC,2021-01-27,3,0,0,0
TX,2021-01-27,202,4,4,4
AZ,2021-01-28,85,0,0,0
CA,2021-01-28,535,11,3,3
CT,2021-01-28,4,0,0,0
FL,2021-01-28,609,44,43,38
GA,2021-01-28,298,4,4,3
IL,2021-01-28,32,0,0,0
IN,2021-01-28,112,1,1,1
KY,2021-01-28,5,0,0,0
LA,2021-01-28,23,1,1,1
MA,2021-01-28,77,1,1,0
MI,2021-01-28,22,0,0,0
MN,2021-01-28,5,0,0,0
NC,2021-01-28,183,1,1,1
NJ,2021-01-28,8,0,0,0
NY,2021-01-28,5,0,0,0
OH,2021-01-28,6,0,0,0
PA,2021-01-28,222,0,0,0
SC,2021-01-28,5,0,0,0
TN,2021-01-28,4,0,0,0
TX,2021-01-28,200,3,3,3
VA,2021-01-28,6,0,0,0
WI,2021-01-28,3,0,0,0
AL,2021-01-29,7,0,0,0
AZ,2021-01-29,82,1,1,1
CA,2021-01-29,315,3,0,0
FL,2021-01-29,518,41,10,10
GA,2021-01-29,256,7,0,0
IL,2021-01-29,26,2,2,0
IN,2021-01-29,109,0,0,0
LA,2021-01-29,13,0,0,0
MA,2021-01-29,82,1,0,0
MD,2021-01-29,3,0,0,0
MI,2021-01-29,19,0,0,0
MN,2021-01-29,9,0,0,0
NC,2021-01-29,175,1,1,1
NJ,2021-01-29,9,2,1,1
NY,2021-01-29,4,0,0,0
OH,2021-01-29,7,1,0,0
PA,2021-01-29,224,5,1,1
TN,2021-01-29,4,0,0,0
TX,2021-01-29,164,2,1,1
AZ,2021-01-30,71,1,1,1
CA,2021-01-30,329,6,1,1
FL,2021-01-30,472,31,8,8
GA,2021-01-30,195,5,4,4
IL,2021-01-30,21,1,1,0
IN,2021-01-30,104,0,0,0
KY,2021-01-30,3,0,0,0
LA,2021-01-30,23,0,0,0
MA,2021-01-30,82,1,1,1
MD,2021-01-30,3,0,0,0
MI,2021-01-30,21,0,0,0
MN,2021-01-30,4,0,0,0
MS,2021-01-30,3,0,0,0
NC,2021-01-30,155,1,1,0
NJ,2021-01-30,13,1,1,1
NY,2021-01-30,5,0,0,0
OH,2021-01-30,4,1,1,1
PA,2021-01-30,191,2,2,2
SC,2021-01-30,7,0,0,0
TX,2021-01-30,164,2,2,1
AZ,2021-01-31,41,0,0,0
CA,2021-01-31,264,5,4,4
FL,2021-01-31,387,37,16,16
GA,2021-01-31,198,3,2,1
IL,2021-01-31,14,0,0,0
IN,2021-01-31,74,1,1,1
KY,2021-01-31,3,0,0,0
LA,2021-01-31,10,1,1,1
MA,2021-01-31,56,0,0,0
MI,2021-01-31,22,0,0,0
MN,2021-01-31,3,0,0,0
NC,2021-01-31,147,0,0,0
NJ,2021-01-31,3,0,0,0
NY,2021-01-31,4,0,0,0
PA,2021-01-31,203,3,2,1
TX,2021-01-31,138,1,1,1
AL,2021-02-01,3,0,0,0
AZ,2021-02-01,81,0,0,0
CA,2021-02-01,426,9,5,5
FL,2021-02-01,538,51,9,9
GA,2021-02-01,271,15,15,14
IL,2021-02-01,30,2,2,2
IN,2021-02-01,106,0,0,0
LA,2021-02-01,23,0,0,0
MA,2021-02-01,115,0,0,0
MI,2021-02-01,33,0,0,0
MN,2021-02-01,8,2,2,2
NC,2021-02-01,183,2,2,2
NJ,2021-02-01,3,0,0,0
NY,2021-02-01,3,0,0,0
OH,2021-02-01,5,0,0,0
PA,2021-02-01,140,2,2,2
SC,2021-02-01,5,0,0,0
TN,2021-02-01,7,0,0,0
TX,2021-02-01,207,5,5,5
AL,2021-02-02,5,0,0,0
AZ,2021-02-02,79,0,0,0
CA,2021-02-02,434,16,16,15
DE,2021-02-02,4,0,0,0
FL,2021-02-02,515,49,6,6
GA,2021-02-02,209,4,4,2
IL,2021-02-02,22,0,0,0
IN,2021-02-02,103,0,0,0
KY,2021-02-02,4,0,0,0
LA,2021-02-02,17,0,0,0
MA,2021-02-02,99,5,3,1
MI,2021-02-02,34,0,0,0
MN,2021-02-02,7,0,0,0
NC,2021-02-02,178,3,3,3
NV,2021-02-02,4,0,0,0
NY,2021-02-02,4,1,1,1
OH,2021-02-02,6,0,0,0
PA,2021-02-02,165,0,0,0
SC,2021-02-02,9,0,0,0
TN,2021-02-02,7,0,0,0
TX,2021-02-02,179,6,5,4
WI,2021-02-02,3,0,0,0
AZ,2021-02-03,64,0,0,0
CA,2021-02-03,399,14,14,14
FL,2021-02-03,409,56,7,7
GA,2021-02-03,219,13,13,12
IL,2021-02-03,10,0,0,0
IN,2021-02-03,95,1,1,1
LA,2021-02-03,18,0,0,0
MA,2021-02-03,87,4,4,4
MI,2021-02-03,25,0,0,0
MN,2021-02-03,6,0,0,0
NC,2021-02-03,156,1,1,1
NJ,2021-02-03,5,0,0,0
NY,2021-02-03,9,0,0,0
OH,2021-02-03,4,0,0,0
PA,2021-02-03,273,8,8,5
SC,2021-02-03,6,0,0,0
TX,2021-02-03,175,11,11,11
WV,2021-02-03,3,0,0,0
AZ,2021-02-04,54,1,1,1
CA,2021-02-04,356,16,15,15
DE,2021-02-04,3,0,0,0
FL,2021-02-04,385,41,6,6
GA,2021-02-04,208,7,3,2
IL,2021-02-04,17,0,0,0
IN,2021-02-04,93,2,0,0
LA,2021-02-04,22,0,0,0
MA,2021-02-04,101,5,2,1
MD,2021-02-04,3,0,0,0
MI,2021-02-04,29,1,1,1
MN,2021-02-04,13,0,0,0
NC,2021-02-04,156,0,0,0
NJ,2021-02-04,9,0,0,0
NV,2021-02-04,3,0,0,0
NY,2021-02-04,4,0,0,0
OH,2021-02-04,7,0,0,0
PA,2021-02-04,213,9,5,5
TN,2021-02-04,6,1,0,0
TX,2021-02-04,167,12,9,9
VA,2021-02-04,4,0,0,0
AL,2021-02-05,5,0,0,0
AZ,2021-02-05,59,0,0,0
CA,2021-02-05,268,10,9,6
CT,2021-02-05,3,0,0,0
FL,2021-02-05,392,49,6,5
GA,2021-02-05,189,5,4,4
IL,2021-02-05,24,0,0,0
IN,2021-02-05,69,1,0,0
LA,2021-02-05,16,0,0,0
MA,2021-02-05,102,2,2,2
MI,2021-02-05,24,1,1,1
MN,2021-02-05,9,0,0,0
NC,2021-02-05,136,1,0,0
NJ,2021-02-05,5,0,0,0
NY,2021-02-05,8,1,1,1
PA,2021-02-05,204,1,1,1
TX,2021-02-05,131,6,4,4
AZ,2021-02-06,40,0,0,0
CA,2021-02-06,191,9,2,1
FL,2021-02-06,362,39,7,7
GA,2021-02-06,157,6,6,2
IL,2021-02-06,18,0,0,0
IN,2021-02-06,64,2,1,1
LA,2021-02-06,8,1,1,1
MA,2021-02-06,70,1,1,1
MI,2021-02-06,18,0,0,0
MN,2021-02-06,6,0,0,0
MS,2021-02-06,5,0,0,0
NC,2021-02-06,125,1,0,0
NJ,2021-02-06,6,1,1,1
NY,2021-02-06,3,0,0,0
PA,2021-02-06,193,5,1,1
TX,2021-02-06,113,4,2,2
VA,2021-02-06,4,0,0,0
AL,2021-02-07,3,1,1,1
AZ,2021-02-07,40,0,0,0
CA,2021-02-07,210,3,0,0
FL,2021-02-07,341,39,9,8
GA,2021-02-07,137,7,7,7
IL,2021-02-07,12,0,0,0
IN,2021-02-07,80,2,1,1
LA,2021-02-07,8,0,0,0
MA,2021-02-07,74,1,1,1
MI,2021-02-07,13,1,1,1
MN,2021-02-07,6,0,0,0
NC,2021-02-07,117,0,0,0
NJ,2021-02-07,4,0,0,0
NY,2021-02-07,7,1,1,1
PA,2021-02-07,99,4,3,3
TX,2021-02-07,109,3,3,3
AL,2021-02-08,4,0,0,0
AZ,2021-02-08,48,1,0,0
CA,2021-02-08,276,14,1,1
CT,2021-02-08,3,0,0,0
FL,2021-02-08,425,59,6,6
GA,2021-02-08,173,11,8,7
IL,2021-02-08,9,0,0,0
IN,2021-02-08,86,2,0,0
LA,2021-02-08,9,1,1,1
MA,2021-02-08,75,1,0,0
MD,2021-02-08,3,0,0,0
MI,2021-02-08,22,0,0,0
MN,2021-02-08,15,0,0,0
NC,2021-02-08,130,0,0,0
NJ,2021-02-08,5,0,0,0
NY,2021-02-08,3,0,0,0
PA,2021-02-08,165,4,3,2
SC,2021-02-08,3,0,0,0
TN,2021-02-08,3,0,0,0
TX,2021-02-08,128,11,7,7
AL,2021-02-09,4,0,0,0
AZ,2021-02-09,51,1,1,1
CA,2021-02-09,286,15,3,3
FL,2021-02-09,387,61,11,11
GA,2021-02-09,152,11,11,11
IL,2021-02-09,12,1,1,1
IN,2021-02-09,64,0,0,0
KY,2021-02-09,5,0,0,0
LA,2021-02-09,12,0,0,0
MA,2021-02-09,65,1,1,0
MI,2021-02-09,15,1,1,1
MN,2021-02-09,12,0,0,0
NC,2021-02-09,112,1,1,1
NJ,2021-02-09,8,1,1,1
NV,2021-02-09,4,0,0,0
OH,2021-02-09,4,0,0,0
PA,2021-02-09,148,4,2,2
SC,2021-02-09,9,0,0,0
TN,2021-02-09,3,0,0,0
TX,2021-02-09,129,7,5,5
AL,2021-02-10,3,0,0,0
AZ,2021-02-10,42,2,2,2
CA,2021-02-10,266,11,10,10
FL,2021-02-10,376,69,15,13
GA,2021-02-10,190,8,8,8
IL,2021-02-10,9,0,0,0
IN,2021-02-10,66,1,1,1
LA,2021-02-10,10,0,0,0
MA,2021-02-10,54,3,3,3
MI,2021-02-10,22,0,0,0
MN,2021-02-10,8,0,0,0
NC,2021-02-10,120,3,2,2
NJ,2021-02-10,4,0,0,0
NY,2021-02-10,5,0,0,0
OH,2021-02-10,4,0,0,0
OK,2021-02-10,4,0,0,0
PA,2021-02-10,166,3,3,3
SC,2021-02-10,3,0,0,0
TX,2021-02-10,121,9,8,7
AL,2021-02-11,4,1,1,1
AZ,2021-02-11,49,0,0,0
CA,2021-02-11,195,14,11,11
FL,2021-02-11,425,74,20,19
GA,2021-02-11,177,14,3,3
IL,2021-02-11,16,1,0,0
IN,2021-02-11,64,1,1,1
KY,2021-02-11,3,0,0,0
LA,2021-02-11,12,0,0,0
MA,2021-02-11,73,1,1,1
MI,2021-02-11,19,0,0,0
MN,2021-02-11,10,0,0,0
NC,2021-02-11,110,3,0,0
NY,2021-02-11,8,0,0,0
OR,2021-02-11,3,0,0,0
PA,2021-02-11,175,3,2,2
SC,2021-02-11,6,0,0,0
TX,2021-02-11,119,4,3,2
VA,2021-02-11,3,0,0,0
AL,2021-02-12,7,1,1,1
AZ,2021-02-12,35,4,0,0
CA,2021-02-12,160,6,3,3
FL,2021-02-12,359,47,19,17
GA,2021-02-12,142,10,2,2
IL,2021-02-12,12,0,0,0
IN,2021-02-12,49,1,0,0
LA,2021-02-12,5,1,0,0
MA,2021-02-12,56,8,3,3
MI,2021-02-12,11,0,0,0
MN,2021-02-12,7,0,0,0
NC,2021-02-12,111,1,0,0
NY,2021-02-12,3,0,0,0
OH,2021-02-12,5,0,0,0
PA,2021-02-12,184,9,3,3
SC,2021-02-12,3,1,1,1
TN,2021-02-12,3,0,0,0
TX,2021-02-12,84,6,1,1
VA,2021-02-12,3,0,0,0
AZ,2021-02-13,35,3,1,1
CA,2021-02-13,141,11,10,10
FL,2021-02-13,347,57,18,18
GA,2021-02-13,104,8,3,3
IL,2021-02-13,13,0,0,0
IN,2021-02-13,45,6,2,2
LA,2021-02-13,5,0,0,0
MA,2021-02-13,63,2,1,1
MI,2021-02-13,21,4,1,1
MN,2021-02-13,11,1,1,1
NC,2021-02-13,82,4,2,2
NY,2021-02-13,5,1,0,0
PA,2021-02-13,139,9,3,3
TX,2021-02-13,85,10,5,5
AZ,2021-02-14,34,0,0,0
CA,2021-02-14,123,4,4,4
FL,2021-02-14,322,41,16,16
GA,2021-02-14,107,11,4,4
IL,2021-02-14,13,0,0,0
IN,2021-02-14,50,0,0,0
LA,2021-02-14,9,0,0,0
MA,2021-02-14,52,5,3,3
MI,2021-02-14,22,6,4,3
MN,2021-02-14,18,4,3,3
NC,2021-02-14,74,6,3,2
NJ,2021-02-14,3,0,0,0
NY,2021-02-14,6,0,0,0
OH,2021-02-14,6,0,0,0
PA,2021-02-14,137,2,1,1
TX,2021-02-14,34,5,1,1
AZ,2021-02-15,29,1,0,0
CA,2021-02-15,158,11,9,9
FL,2021-02-15,379,69,26,26
GA,2021-02-15,119,11,3,3
IL,2021-02-15,12,0,0,0
IN,2021-02-15,53,1,1,1
LA,2021-02-15,3,0,0,0
MA,2021-02-15,75,5,2,2
MI,2021-02-15,17,1,1,1
MN,2021-02-15,14,0,0,0
NC,2021-02-15,109,5,3,2
NJ,2021-02-15,9,0,0,0
NY,2021-02-15,9,2,1,1
PA,2021-02-15,158,6,3,3
TX,2021-02-15,18,1,0,0
AZ,2021-02-16,43,3,1,1
CA,2021-02-16,193,20,15,11
FL,2021-02-16,350,64,31,28
GA,2021-02-16,134,3,0,0
IL,2021-02-16,13,0,0,0
IN,2021-02-16,50,2,1,1
LA,2021-02-16,4,0,0,0
MA,2021-02-16,60,7,2,1
MI,2021-02-16,14,3,1,1
MN,2021-02-16,12,1,1,1
NC,2021-02-16,115,4,0,0
NJ,2021-02-16,6,0,0,0
NY,2021-02-16,6,0,0,0
OH,2021-02-16,5,0,0,0
PA,2021-02-16,165,10,7,7
TX,2021-02-16,32,4,2,1
WI,2021-02-16,3,0,0,0
AZ,2021-02-17,30,1,1,1
CA,2021-02-17,162,21,15,9
CT,2021-02-17,3,0,0,0
FL,2021-02-17,354,77,14,14
GA,2021-02-17,116,10,3,3
IL,2021-02-17,10,0,0,0
IN,2021-02-17,56,3,0,0
LA,2021-02-17,3,0,0,0
MA,2021-02-17,64,3,1,1
MD,2021-02-17,4,1,1,1
MI,2021-02-17,25,2,1,1
MN,2021-02-17,5,0,0,0
NC,2021-02-17,103,5,2,2
NJ,2021-02-17,6,0,0,0
NY,2021-02-17,4,0,0,0
OH,2021-02-17,3,1,0,0
PA,2021-02-17,151,6,2,2
SC,2021-02-17,4,0,0,0
TX,2021-02-17,37,5,3,3
AZ,2021-02-18,45,0,0,0
CA,2021-02-18,158,26,18,11
FL,2021-02-18,387,70,35,35
GA,2021-02-18,93,7,4,4
IL,2021-02-18,17,2,1,1
IN,2021-02-18,44,0,0,0
LA,2021-02-18,7,0,0,0
MA,2021-02-18,60,6,4,4
MI,2021-02-18,23,0,0,0
MN,2021-02-18,6,0,0,0
NC,2021-02-18,79,3,2,2
NY,2021-02-18,4,0,0,0
OH,2021-02-18,5,0,0,0
PA,2021-02-18,118,10,5,3
SC,2021-02-18,3,0,0,0
TX,2021-02-18,68,8,5,5
WI,2021-02-18,3,0,0,0
AL,2021-02-19,4,0,0,0
AZ,2021-02-19,30,2,2,2
CA,2021-02-19,108,15,12,9
CT,2021-02-19,3,0,0,0
FL,2021-02-19,358,90,42,42
GA,2021-02-19,105,13,5,4
IL,2021-02-19,10,0,0,0
IN,2021-02-19,58,3,1,1
LA,2021-02-19,12,0,0,0
MA,2021-02-19,66,9,7,6
MI,2021-02-19,28,5,0,0
MN,2021-02-19,5,0,0,0
NC,2021-02-19,106,3,0,0
NJ,2021-02-19,7,1,0,0
NY,2021-02-19,7,1,0,0
OH,2021-02-19,3,0,0,0
PA,2021-02-19,184,7,3,3
TX,2021-02-19,104,9,2,2
AZ,2021-02-20,24,1,0,0
CA,2021-02-20,104,16,12,7
FL,2021-02-20,248,68,30,29
GA,2021-02-20,74,4,1,1
IL,2021-02-20,13,0,0,0
IN,2021-02-20,38,4,1,1
LA,2021-02-20,10,0,0,0
MA,2021-02-20,50,5,0,0
MI,2021-02-20,17,4,2,2
MN,2021-02-20,5,1,1,1
NC,2021-02-20,79,8,5,5
NJ,2021-02-20,4,0,0,0
NY,2021-02-20,3,0,0,0
PA,2021-02-20,132,6,5,5
TX,2021-02-20,78,10,6,6
VA,2021-02-20,3,0,0,0
AZ,2021-02-21,19,0,0,0
CA,2021-02-21,91,13,12,11
FL,2021-02-21,268,78,51,50
GA,2021-02-21,82,10,6,5
IL,2021-02-21,10,1,0,0
IN,2021-02-21,34,0,0,0
LA,2021-02-21,6,0,0,0
MA,2021-02-21,35,4,2,2
MI,2021-02-21,25,5,2,2
MN,2021-02-21,6,0,0,0
NC,2021-02-21,67,3,2,2
NJ,2021-02-21,3,0,0,0
NY,2021-02-21,4,0,0,0
PA,2021-02-21,139,16,13,13
TX,2021-02-21,95,17,10,10
AZ,2021-02-22,37,4,0,0
CA,2021-02-22,127,21,20,20
FL,2021-02-22,349,95,72,69
GA,2021-02-22,93,15,11,11
IL,2021-02-22,16,0,0,0
IN,2021-02-22,38,6,5,5
LA,2021-02-22,7,0,0,0
MA,2021-02-22,83,4,2,1
MI,2021-02-22,22,5,4,4
MN,2021-02-22,3,1,0,0
NC,2021-02-22,87,7,4,4
PA,2021-02-22,144,8,3,3
SC,2021-02-22,5,0,0,0
TX,2021-02-22,85,11,4,4
AZ,2021-02-23,29,1,1,1
CA,2021-02-23,121,25,25,25
FL,2021-02-23,342,98,49,48
GA,2021-02-23,121,24,16,13
IL,2021-02-23,9,0,0,0
IN,2021-02-23,42,1,0,0
LA,2021-02-23,16,1,1,1
MA,2021-02-23,60,8,5,5
MD,2021-02-23,4,0,0,0
MI,2021-02-23,30,10,6,6
MN,2021-02-23,9,0,0,0
NC,2021-02-23,75,3,3,3
NJ,2021-02-23,12,0,0,0
NY,2021-02-23,12,3,0,0
OH,2021-02-23,9,0,0,0
PA,2021-02-23,154,22,12,12
TX,2021-02-23,100,22,12,11
VA,2021-02-23,3,0,0,0
AZ,2021-02-24,27,1,0,0
CA,2021-02-24,138,14,14,14
FL,2021-02-24,350,96,49,49
GA,2021-02-24,83,14,8,8
IL,2021-02-24,6,0,0,0
IN,2021-02-24,36,5,2,2
LA,2021-02-24,9,0,0,0
MA,2021-02-24,64,8,4,4
MD,2021-02-24,3,2,0,0
MI,2021-02-24,26,6,3,3
MN,2021-02-24,6,2,2,2
NC,2021-02-24,58,4,4,4
NJ,2021-02-24,4,0,0,0
NY,2021-02-24,5,2,2,2
OH,2021-02-24,7,0,0,0
PA,2021-02-24,133,11,5,5
TX,2021-02-24,76,9,3,3
AZ,2021-02-25,18,3,2,2
CA,2021-02-25,114,28,24,24
FL,2021-02-25,299,103,17,17
GA,2021-02-25,91,19,7,7
IL,2021-02-25,6,1,0,0
IN,2021-02-25,48,6,0,0
KY,2021-02-25,3,0,0,0
LA,2021-02-25,6,0,0,0
MA,2021-02-25,59,10,2,2
MD,2021-02-25,4,0,0,0
MI,2021-02-25,26,3,1,1
MN,2021-02-25,10,4,0,0
NC,2021-02-25,66,2,0,0
NJ,2021-02-25,4,0,0,0
NY,2021-02-25,3,1,0,0
PA,2021-02-25,151,15,1,1
TX,2021-02-25,55,17,5,5
AZ,2021-02-26,20,0,0,0
CA,2021-02-26,100,14,12,12
CO,2021-02-26,3,1,0,0
FL,2021-02-26,297,83,34,33
GA,2021-02-26,90,20,13,13
IL,2021-02-26,7,2,0,0
IN,2021-02-26,25,1,0,0
MA,2021-02-26,63,10,2,2
MI,2021-02-26,15,5,1,1
MN,2021-02-26,7,2,2,2
NC,2021-02-26,65,5,4,4
NY,2021-02-26,10,3,1,1
PA,2021-02-26,143,18,9,9
TX,2021-02-26,57,12,6,6
VA,2021-02-26,3,0,0,0
AZ,2021-02-27,11,0,0,0
CA,2021-02-27,71,10,5,5
FL,2021-02-27,232,82,49,47
GA,2021-02-27,87,19,13,13
IL,2021-02-27,7,0,0,0
IN,2021-02-27,30,2,2,2
LA,2021-02-27,3,0,0,0
MA,2021-02-27,76,10,6,5
MI,2021-02-27,20,3,1,1
MN,2021-02-27,5,1,1,1
NC,2021-02-27,60,5,1,1
NY,2021-02-27,3,1,1,1
PA,2021-02-27,118,17,11,11
TX,2021-02-27,45,9,6,6
AZ,2021-02-28,12,0,0,0
CA,2021-02-28,79,12,0,0
FL,2021-02-28,216,68,41,41
GA,2021-02-28,60,18,15,13
IL,2021-02-28,5,0,0,0
IN,2021-02-28,19,1,0,0
LA,2021-02-28,6,2,2,2
MA,2021-02-28,55,15,11,8
MI,2021-02-28,24,6,4,4
MN,2021-02-28,3,0,0,0
NC,2021-02-28,48,8,5,4
PA,2021-02-28,105,13,10,10
TX,2021-02-28,42,7,4,4
AZ,2021-03-01,16,2,0,0
CA,2021-03-01,92,16,0,0
FL,2021-03-01,323,119,43,41
GA,2021-03-01,105,26,9,8
IL,2021-03-01,8,1,0,0
IN,2021-03-01,32,2,1,1
LA,2021-03-01,3,1,0,0
MA,2021-03-01,76,9,5,5
MI,2021-03-01,32,6,3,3
MN,2021-03-01,4,2,2,2
NC,2021-03-01,61,7,3,3
NJ,2021-03-01,4,0,0,0
PA,2021-03-01,148,30,9,9
SC,2021-03-01,3,0,0,0
TX,2021-03-01,70,22,8,8
AZ,2021-03-02,14,2,0,0
CA,2021-03-02,98,15,0,0
FL,2021-03-02,280,119,28,28
GA,2021-03-02,80,21,6,5
IL,2021-03-02,15,2,2,2
IN,2021-03-02,28,3,0,0
KY,2021-03-02,3,0,0,0
MA,2021-03-02,62,12,6,6
MD,2021-03-02,5,2,0,0
MI,2021-03-02,34,13,1,1
MN,2021-03-02,7,1,1,1
NC,2021-03-02,60,13,3,3
NJ,2021-03-02,9,1,1,1
NY,2021-03-02,7,1,0,0
PA,2021-03-02,134,20,6,6
TX,2021-03-02,53,19,2,2
VA,2021-03-02,5,0,0,0
AZ,2021-03-03,15,4,2,2
CA,2021-03-03,83,12,2,2
FL,2021-03-03,304,126,105,105
GA,2021-03-03,95,28,26,26
IL,2021-03-03,11,3,3,3
IN,2021-03-03,40,2,2,2
LA,2021-03-03,10,2,2,1
MA,2021-03-03,80,15,7,7
MD,2021-03-03,4,1,1,1
MI,2021-03-03,44,12,3,3
MN,2021-03-03,11,6,5,5
NC,2021-03-03,66,14,10,8
NJ,2021-03-03,3,2,1,1
NY,2021-03-03,6,2,1,1
PA,2021-03-03,136,27,25,25
TX,2021-03-03,54,17,9,9
AZ,2021-03-04,15,1,0,0
CA,2021-03-04,103,23,1,1
FL,2021-03-04,284,130,51,50
GA,2021-03-04,85,29,8,7
IL,2021-03-04,11,0,0,0
IN,2021-03-04,31,6,2,2
MA,2021-03-04,57,8,3,2
MI,2021-03-04,35,18,6,6
MN,2021-03-04,13,7,6,6
NC,2021-03-04,51,3,1,1
NJ,2021-03-04,13,3,1,1
NY,2021-03-04,4,2,1,1
PA,2021-03-04,123,22,9,9
TX,2021-03-04,48,15,3,3
VA,2021-03-04,3,0,0,0
WV,2021-03-04,3,0,0,0
AZ,2021-03-05,11,0,0,0
CA,2021-03-05,75,22,3,3
FL,2021-03-05,265,100,37,37
GA,2021-03-05,65,23,10,10
IL,2021-03-05,8,2,0,0
IN,2021-03-05,30,3,3,3
LA,2021-03-05,7,2,1,1
MA,2021-03-05,66,13,6,6
MI,2021-03-05,30,15,10,10
MN,2021-03-05,8,4,3,3
NC,2021-03-05,47,7,2,2
NY,2021-03-05,5,3,3,3
PA,2021-03-05,155,30,18,17
TX,2021-03-05,41,17,4,4
AZ,2021-03-06,13,1,1,1
CA,2021-03-06,65,8,0,0
FL,2021-03-06,179,79,43,42
GA,2021-03-06,67,28,10,10
IL,2021-03-06,3,2,0,0
IN,2021-03-06,34,5,3,3
LA,2021-03-06,5,2,1,0
MA,2021-03-06,56,12,4,3
MI,2021-03-06,38,14,11,10
MN,2021-03-06,7,2,2,2
NC,2021-03-06,40,2,1,1
NJ,2021-03-06,5,1,1,1
NY,2021-03-06,9,2,2,2
PA,2021-03-06,126,20,13,13
TX,2021-03-06,34,12,7,7
AZ,2021-03-07,8,3,2,2
CA,2021-03-07,61,13,3,3
FL,2021-03-07,211,106,75,75
GA,2021-03-07,35,19,13,13
IL,2021-03-07,11,2,1,1
IN,2021-03-07,39,4,2,2
LA,2021-03-07,4,1,0,0
MA,2021-03-07,44,11,8,8
MI,2021-03-07,35,10,7,7
MN,2021-03-07,9,3,3,3
NC,2021-03-07,33,4,4,3
NJ,2021-03-07,7,1,1,1
PA,2021-03-07,116,33,25,25
TX,2021-03-07,38,19,15,15
AZ,2021-03-08,10,4,3,3
CA,2021-03-08,90,19,3,3
FL,2021-03-08,264,123,92,92
GA,2021-03-08,81,32,10,10
IL,2021-03-08,11,0,0,0
IN,2021-03-08,51,9,2,2
LA,2021-03-08,4,1,0,0
MA,2021-03-08,69,17,9,9
MI,2021-03-08,52,23,13,13
MN,2021-03-08,14,7,7,7
NC,2021-03-08,57,10,4,4
PA,2021-03-08,144,24,12,12
TX,2021-03-08,64,20,15,15
AL,2021-03-09,4,0,0,0
AZ,2021-03-09,19,4,1,1
CA,2021-03-09,103,28,1,1
FL,2021-03-09,260,129,56,56
GA,2021-03-09,76,30,14,13
IL,2021-03-09,9,2,1,1
IN,2021-03-09,39,14,11,11
LA,2021-03-09,4,1,1,1
MA,2021-03-09,60,16,10,10
MI,2021-03-09,67,26,12,12
MN,2021-03-09,8,3,3,3
NC,2021-03-09,44,9,1,1
NJ,2021-03-09,6,2,0,0
NY,2021-03-09,4,2,1,1
OH,2021-03-09,4,0,0,0
PA,2021-03-09,141,26,6,5
TX,2021-03-09,37,14,6,6
VA,2021-03-09,5,0,0,0
AZ,2021-03-10,17,4,4,4
CA,2021-03-10,63,15,1,1
FL,2021-03-10,290,140,77,76
GA,2021-03-10,82,40,8,8
IL,2021-03-10,5,0,0,0
IN,2021-03-10,46,17,11,11
LA,2021-03-10,3,0,0,0
MA,2021-03-10,77,27,10,8
MI,2021-03-10,87,53,30,30
MN,2021-03-10,16,9,5,5
NC,2021-03-10,74,15,6,5
NJ,2021-03-10,3,2,0,0
NY,2021-03-10,4,1,1,1
PA,2021-03-10,169,33,17,15
TX,2021-03-10,50,18,11,11
AZ,2021-03-11,9,0,0,0
CA,2021-03-11,96,21,5,5
CT,2021-03-11,5,2,2,2
FL,2021-03-11,272,147,84,85
GA,2021-03-11,78,42,29,28
IL,2021-03-11,14,2,1,1
IN,2021-03-11,54,18,8,8
KY,2021-03-11,3,0,0,0
LA,2021-03-11,5,4,2,2
MA,2021-03-11,95,30,21,21
MI,2021-03-11,78,37,22,22
MN,2021-03-11,18,12,12,12
NC,2021-03-11,45,10,3,2
NJ,2021-03-11,3,1,1,1
NY,2021-03-11,4,4,2,2
OH,2021-03-11,3,0,0,0
PA,2021-03-11,191,59,35,33
TX,2021-03-11,47,17,11,11
VA,2021-03-11,3,0,0,0
WA,2021-03-11,3,1,1,1
AZ,2021-03-12,11,4,1,1
CA,2021-03-12,50,14,4,4
FL,2021-03-12,269,136,74,73
GA,2021-03-12,65,33,10,10
IL,2021-03-12,4,1,1,1
IN,2021-03-12,48,14,8,8
MA,2021-03-12,74,22,16,15
MI,2021-03-12,74,38,22,22
MN,2021-03-12,8,4,4,4
NC,2021-03-12,35,7,3,3
NY,2021-03-12,7,2,0,0
PA,2021-03-12,169,41,24,23
TX,2021-03-12,39,22,10,10
AL,2021-03-13,3,1,0,0
AZ,2021-03-13,5,2,0,0
CA,2021-03-13,40,12,1,1
CT,2021-03-13,4,1,0,0
FL,2021-03-13,205,105,74,74
GA,2021-03-13,72,35,19,19
IL,2021-03-13,11,2,0,0
IN,2021-03-13,29,4,2,2
MA,2021-03-13,61,19,15,13
MI,2021-03-13,77,36,22,22
MN,2021-03-13,9,5,5,5
NC,2021-03-13,50,11,8,8
NJ,2021-03-13,4,0,0,0
NY,2021-03-13,5,1,1,1
PA,2021-03-13,140,42,27,23
TX,2021-03-13,37,13,7,7
AZ,2021-03-14,5,0,0,0
CA,2021-03-14,44,16,2,2
CT,2021-03-14,3,1,0,0
FL,2021-03-14,177,93,52,52
GA,2021-03-14,53,37,20,20
IL,2021-03-14,12,2,2,2
IN,2021-03-14,36,11,5,5
LA,2021-03-14,3,1,1,1
MA,2021-03-14,60,17,11,10
MI,2021-03-14,61,41,23,23
MN,2021-03-14,13,4,1,1
NC,2021-03-14,42,10,5,5
NY,2021-03-14,4,4,0,0
PA,2021-03-14,126,35,15,13
TX,2021-03-14,27,13,7,7
AZ,2021-03-15,9,3,0,0
CA,2021-03-15,71,19,0,0
FL,2021-03-15,304,156,41,41
GA,2021-03-15,81,44,14,14
IL,2021-03-15,13,3,0,0
IN,2021-03-15,50,9,1,1
LA,2021-03-15,10,3,0,0
MA,2021-03-15,98,36,7,7
MI,2021-03-15,86,46,7,7
MN,2021-03-15,17,10,9,9
NC,2021-03-15,74,15,4,4
NJ,2021-03-15,9,2,0,0
NY,2021-03-15,5,1,1,1
PA,2021-03-15,201,66,11,10
SC,2021-03-15,4,2,1,1
TX,2021-03-15,38,23,2,2
AZ,2021-03-16,7,1,0,0
CA,2021-03-16,86,30,6,6
CT,2021-03-16,5,1,0,0
FL,2021-03-16,263,135,30,30
GA,2021-03-16,85,52,8,8
IL,2021-03-16,16,4,2,2
IN,2021-03-16,53,9,4,4
LA,2021-03-16,8,7,1,1
MA,2021-03-16,66,24,7,7
MI,2021-03-16,117,72,15,15
MN,2021-03-16,22,14,14,14
NC,2021-03-16,58,21,8,8
NJ,2021-03-16,7,2,1,1
NY,2021-03-16,4,0,0,0
OH,2021-03-16,3,0,0,0
PA,2021-03-16,216,74,19,18
SC,2021-03-16,3,0,0,0
TX,2021-03-16,35,16,4,4
VA,2021-03-16,4,0,0,0
AZ,2021-03-17,13,3,0,0
CA,2021-03-17,67,28,0,0
FL,2021-03-17,285,165,0,0
GA,2021-03-17,69,52,0,0
IL,2021-03-17,15,2,0,0
IN,2021-03-17,43,16,0,0
MA,2021-03-17,78,28,0,0
MD,2021-03-17,3,1,0,0
MI,2021-03-17,144,86,0,0
MN,2021-03-17,11,5,0,0
NC,2021-03-17,61,21,0,0
NJ,2021-03-17,3,2,0,0
NY,2021-03-17,3,1,0,0
PA,2021-03-17,185,70,0,0
TN,2021-03-17,3,1,0,0
TX,2021-03-17,40,19,0,0
VA,2021-03-17,3,1,0,0
AZ,2021-03-18,15,2,0,0
CA,2021-03-18,93,26,0,0
FL,2021-03-18,257,142,0,0
GA,2021-03-18,66,36,0,0
IL,2021-03-18,14,5,0,0
IN,2021-03-18,44,12,0,0
LA,2021-03-18,5,3,0,0
MA,2021-03-18,82,35,0,0
MD,2021-03-18,4,1,0,0
MI,2021-03-18,117,78,0,0
MN,2021-03-18,12,5,0,0
NC,2021-03-18,59,19,0,0
NJ,2021-03-18,10,5,0,0
NY,2021-03-18,8,2,0,0
OH,2021-03-18,4,0,0,0
PA,2021-03-18,193,83,0,0
TN,2021-03-18,3,3,0,0
TX,2021-03-18,40,20,0,0
AZ,2021-03-19,12,4,0,0
CA,2021-03-19,59,13,0,0
CT,2021-03-19,3,1,0,0
FL,2021-03-19,260,150,0,0
GA,2021-03-19,64,38,0,0
IL,2021-03-19,3,2,0,0
IN,2021-03-19,41,16,0,0
LA,2021-03-19,3,1,0,0
MA,2021-03-19,70,30,0,0
MD,2021-03-19,3,0,0,0
MI,2021-03-19,147,103,0,0
MN,2021-03-19,18,5,0,0
NC,2021-03-19,44,15,0,0
NJ,2021-03-19,7,0,0,0
NY,2021-03-19,6,4,0,0
PA,2021-03-19,196,70,0,0
TN,2021-03-19,5,2,0,0
TX,2021-03-19,21,10,0,0
CA,2021-03-20,50,13,0,0
CT,2021-03-20,3,0,0,0
FL,2021-03-20,230,135,0,0
GA,2021-03-20,44,22,0,0
IL,2021-03-20,8,3,0,0
IN,2021-03-20,41,15,0,0
MA,2021-03-20,77,31,0,0
MI,2021-03-20,117,80,0,0
MN,2021-03-20,18,15,0,0
NC,2021-03-20,39,12,0,0
NJ,2021-03-20,5,1,0,0
NY,2021-03-20,5,1,0,0
PA,2021-03-20,183,82,0,0
TX,2021-03-20,21,15,0,0
AZ,2021-03-21,11,2,0,0
CA,2021-03-21,48,16,0,0
FL,2021-03-21,231,150,0,0
GA,2021-03-21,57,39,0,0
IL,2021-03-21,10,4,0,0
IN,2021-03-21,30,13,0,0
LA,2021-03-21,4,2,0,0
MA,2021-03-21,93,40,0,0
MI,2021-03-21,134,93,0,0
MN,2021-03-21,19,11,0,0
NC,2021-03-21,51,21,0,0
NJ,2021-03-21,4,3,0,0
PA,2021-03-21,178,80,0,0
TX,2021-03-21,35,23,0,0
AZ,2021-03-22,14,7,0,0
CA,2021-03-22,84,37,0,0
FL,2021-03-22,356,218,0,0
GA,2021-03-22,68,44,0,0
IL,2021-03-22,10,2,0,0
IN,2021-03-22,61,27,0,0
LA,2021-03-22,9,8,0,0
MA,2021-03-22,115,54,0,0
MI,2021-03-22,188,120,0,0
MN,2021-03-22,29,17,0,0
NC,2021-03-22,58,21,0,0
NJ,2021-03-22,9,5,0,0
NY,2021-03-22,3,2,0,0
PA,2021-03-22,237,107,0,0
SC,2021-03-22,4,1,0,0
TX,2021-03-22,37,26,0,0
AZ,2021-03-23,14,7,0,0
CA,2021-03-23,86,38,0,0
CT,2021-03-23,3,1,0,0
FL,2021-03-23,330,194,0,0
GA,2021-03-23,70,50,0,0
IL,2021-03-23,9,6,0,0
IN,2021-03-23,49,21,0,0
LA,2021-03-23,4,3,0,0
MA,2021-03-23,106,34,0,0
MI,2021-03-23,219,153,0,0
MN,2021-03-23,24,18,0,0
NC,2021-03-23,61,20,0,0
NJ,2021-03-23,11,4,0,0
NY,2021-03-23,6,3,0,0
PA,2021-03-23,253,110,0,0
SC,2021-03-23,5,3,0,0
TX,2021-03-23,37,23,0,0
AZ,2021-03-24,16,4,0,0
CA,2021-03-24,77,36,0,0
FL,2021-03-24,239,158,0,0
GA,2021-03-24,69,50,0,0
IL,2021-03-24,21,12,0,0
IN,2021-03-24,45,29,0,0
MA,2021-03-24,99,48,0,0
MD,2021-03-24,4,1,0,0
MI,2021-03-24,215,149,0,0
MN,2021-03-24,20,16,0,0
NC,2021-03-24,50,21,0,0
NJ,2021-03-24,4,1,0,0
NY,2021-03-24,6,0,0,0
PA,2021-03-24,269,129,0,0
TX,2021-03-24,36,23,0,0
AZ,2021-03-25,13,4,0,0
CA,2021-03-25,73,27,0,0
CT,2021-03-25,3,1,0,0
FL,2021-03-25,309,197,0,0
GA,2021-03-25,76,55,0,0
IL,2021-03-25,16,7,0,0
IN,2021-03-25,63,30,0,0
LA,2021-03-25,3,2,0,0
MA,2021-03-25,116,58,0,0
MI,2021-03-25,236,156,0,0
MN,2021-03-25,31,21,0,0
NC,2021-03-25,62,28,0,0
NJ,2021-03-25,16,8,0,0
NY,2021-03-25,4,2,0,0
PA,2021-03-25,285,135,0,0
TX,2021-03-25,51,31,0,0
VA,2021-03-25,5,2,0,0
AZ,2021-03-26,13,2,0,0
CA,2021-03-26,62,28,0,0
FL,2021-03-26,323,213,0,0
GA,2021-03-26,57,41,0,0
IL,2021-03-26,15,7,0,0
IN,2021-03-26,44,26,0,0
LA,2021-03-26,3,1,0,0
MA,2021-03-26,106,54,0,0
MI,2021-03-26,222,151,0,0
MN,2021-03-26,13,9,0,0
NC,2021-03-26,51,22,0,0
NJ,2021-03-26,17,5,0,0
NY,2021-03-26,5,4,0,0
OH,2021-03-26,5,1,0,0
PA,2021-03-26,292,138,0,0
TX,2021-03-26,49,28,0,0
WI,2021-03-26,3,2,0,0
AZ,2021-03-27,13,5,0,0
CA,2021-03-27,40,17,0,0
FL,2021-03-27,242,149,0,0
GA,2021-03-27,53,31,0,0
IL,2021-03-27,13,3,0,0
IN,2021-03-27,53,28,0,0
LA,2021-03-27,7,5,0,0
MA,2021-03-27,107,58,0,0
MD,2021-03-27,7,6,0,0
MI,2021-03-27,227,171,0,0
MN,2021-03-27,32,26,0,0
NC,2021-03-27,52,24,0,0
NJ,2021-03-27,9,5,0,0
NY,2021-03-27,3,2,0,0
PA,2021-03-27,234,120,0,0
TX,2021-03-27,33,24,0,0
AZ,2021-03-28,14,3,0,0
CA,2021-03-28,52,23,0,0
FL,2021-03-28,239,142,0,0
GA,2021-03-28,34,24,0,0
IL,2021-03-28,15,7,0,0
IN,2021-03-28,50,33,0,0
LA,2021-03-28,4,1,0,0
MA,2021-03-28,84,39,0,0
MI,2021-03-28,190,139,0,0
MN,2021-03-28,28,17,0,0
NC,2021-03-28,45,14,0,0
NJ,2021-03-28,9,5,0,0
NY,2021-03-28,3,2,0,0
PA,2021-03-28,195,79,0,0
TX,2021-03-28,31,19,0,0
AZ,2021-03-29,13,5,0,0
CA,2021-03-29,86,40,0,0
FL,2021-03-29,375,236,0,0
GA,2021-03-29,78,50,0,0
IL,2021-03-29,22,8,0,0
IN,2021-03-29,74,40,0,0
LA,2021-03-29,3,2,0,0
MA,2021-03-29,89,41,0,0
MD,2021-03-29,3,2,0,0
MI,2021-03-29,278,214,0,0
MN,2021-03-29,34,24,0,0
NC,2021-03-29,66,33,0,0
NJ,2021-03-29,7,3,0,0
NY,2021-03-29,4,0,0,0
OH,2021-03-29,3,1,0,0
PA,2021-03-29,268,124,0,0
TX,2021-03-29,35,20,0,0
WI,2021-03-29,6,2,0,0
AZ,2021-03-30,16,7,0,0
CA,2021-03-30,97,47,0,0
CT,2021-03-30,3,2,0,0
FL,2021-03-30,351,232,0,0
GA,2021-03-30,67,55,0,0
IL,2021-03-30,20,9,0,0
IN,2021-03-30,65,36,0,0
LA,2021-03-30,4,0,0,0
MA,2021-03-30,95,50,0,0
MD,2021-03-30,4,2,0,0
MI,2021-03-30,288,203,0,0
MN,2021-03-30,36,25,0,0
NC,2021-03-30,53,24,0,0
NJ,2021-03-30,12,8,0,0
NY,2021-03-30,5,1,0,0
OH,2021-03-30,4,4,0,0
PA,2021-03-30,298,159,0,0
TX,2021-03-30,47,31,0,0
AZ,2021-03-31,14,7,0,0
CA,2021-03-31,74,32,0,0
FL,2021-03-31,374,250,0,0
GA,2021-03-31,67,44,0,0
IL,2021-03-31,27,13,0,0
IN,2021-03-31,80,52,0,0
LA,2021-03-31,6,5,0,0
MA,2021-03-31,95,41,0,0
MD,2021-03-31,3,2,0,0
MI,2021-03-31,295,219,0,0
MN,2021-03-31,42,31,0,0
NC,2021-03-31,75,41,0,0
NJ,2021-03-31,9,5,0,0
NY,2021-03-31,7,5,0,0
OH,2021-03-31,4,1,0,0
PA,2021-03-31,265,135,0,0
TX,2021-03-31,48,29,0,0
AZ,2021-04-01,14,5,0,0
CA,2021-04-01,87,41,0,0
CT,2021-04-01,3,1,0,0
FL,2021-04-01,357,214,0,0
GA,2021-04-01,78,56,0,0
IL,2021-04-01,22,15,0,0
IN,2021-04-01,75,47,0,0
LA,2021-04-01,4,3,0,0
MA,2021-04-01,90,44,0,0
MD,2021-04-01,4,1,0,0
MI,2021-04-01,239,194,0,0
MN,2021-04-01,43,32,0,0
NC,2021-04-01,52,33,0,0
NJ,2021-04-01,8,5,0,0
NY,2021-04-01,5,0,0,0
OH,2021-04-01,6,2,0,0
PA,2021-04-01,270,131,0,0
TX,2021-04-01,55,35,0,0
VA,2021-04-01,3,2,0,0
AZ,2021-04-02,14,8,0,0
CA,2021-04-02,52,25,0,0
GA,2021-04-02,9,8,0,0
IL,2021-04-02,12,4,0,0
IN,2021-04-02,58,33,0,0
TX,2021-04-02,11,9,0,0
CA,2021-04-03,17,8,0,0
