collection_date,positive_result,positive_tests,total_tests,positivity,positivity_7day
2021-11-02,COVID,1224,18139,0.06747891283973759,
2021-11-02,FluA,61,18139,0.0033629196758365953,
2021-11-03,COVID,1132,19170,0.05905059989567032,
2021-11-03,FluA,65,19170,0.003390714658320292,
2021-11-04,COVID,1330,18823,0.07065823726292302,
2021-11-04,FluA,74,18823,0.003931360569516018,
2021-11-05,COVID,1220,16253,0.07506306528025596,
2021-11-05,FluA,62,16253,0.003814680366701532,
2021-11-06,COVID,1115,12978,0.0859146247495762,
2021-11-06,FluA,30,12978,0.002311604253351826,
2021-11-07,COVID,953,11866,0.08031350075846957,
2021-11-07,FluA,34,11866,0.0028653295128939827,
2021-11-08,COVID,1402,17520,0.08002283105022831,0.07407168169098013
2021-11-08,FluA,48,17520,0.0027397260273972603,0.0032023335805739296
2021-11-09,COVID,1461,18841,0.07754365479539303,0.07550950197035948
2021-11-09,FluA,78,18841,0.0041399076482140015,0.0033133318623421305
2021-11-10,COVID,1367,19012,0.07190195665895224,0.07734541007939977
2021-11-10,FluA,64,19012,0.003366294971596886,0.003309843335667358
2021-11-11,COVID,1438,18698,0.07690662102898706,0.07823803633169464
2021-11-11,FluA,59,18698,0.003155417691731736,0.0031989943531267463
2021-11-12,COVID,1409,16675,0.08449775112443778,0.07958584859514917
2021-11-12,FluA,51,16675,0.003058470764617691,0.0030909644099719118
2021-11-13,COVID,1235,13603,0.09078879658898772,0.08028215885792224
2021-11-13,FluA,32,13603,0.002352422259795633,0.0030967955537495985
2021-11-14,COVID,1014,12414,0.08168197196713388,0.0804776547448743
2021-11-14,FluA,34,12414,0.0027388432415015305,0.0030787260864078196
2021-11-15,COVID,1644,18138,0.09063843863711545,0.08199417011442958
2021-11-15,FluA,54,18138,0.0029771749917300696,0.0031126473670267927
2021-11-16,COVID,1577,19932,0.07911900461569336,0.08221922008875822
2021-11-16,FluA,85,19932,0.00426449929761188,0.0031304461740836323
2021-11-17,COVID,1367,20834,0.06561390035518863,0.08132092633107768
2021-11-17,FluA,100,20834,0.0047998464049150424,0.0033352392359862265
2021-11-18,COVID,1502,20696,0.07257441051410901,0.08070203911466654
2021-11-18,FluA,95,20696,0.0045902589872439115,0.003540216563916537
2021-11-19,COVID,1442,17949,0.08033873753412446,0.08010789431605035
2021-11-19,FluA,81,17949,0.004512786227644994,0.0037479759157775802
2021-11-20,COVID,1209,14377,0.08409264797941156,0.07915130165753947
2021-11-20,FluA,71,14377,0.0049384433470125895,0.004117407499665717
2021-11-21,COVID,927,13118,0.0706662601006251,0.07757762853375251
2021-11-21,FluA,69,13118,0.0052599481628297,0.004477565345569741
2021-11-22,COVID,1499,18118,0.08273540125841704,0.07644862319393844
2021-11-22,FluA,92,18118,0.005077823159289105,0.004777657940935318
2021-11-23,COVID,1470,18621,0.07894312872563235,0.07642349806678687
2021-11-23,FluA,110,18621,0.005907308952258203,0.005012345034456221
2021-11-24,COVID,1372,18006,0.0761968232811285,0.077935344199064
2021-11-24,FluA,96,18006,0.005331556147950683,0.005088303569175598
2021-11-25,COVID,38,502,0.07569721115537849,0.07838145857638822
2021-11-25,FluA,2,502,0.00398406374501992,0.005001704248857886
2021-11-26,COVID,1444,17081,0.08453837597330367,0.07898140692484239
2021-11-26,FluA,70,17081,0.004098120718927463,0.004942466319041094
2021-11-27,COVID,1402,14286,0.09813803723925521,0.08098789110482005
2021-11-27,FluA,76,14286,0.005319893602127958,0.004996959212629005
2021-11-28,COVID,1216,13393,0.09079369820055253,0.08386323940480968
2021-11-28,FluA,88,13393,0.006570596580303144,0.005184194700839496
2021-11-29,COVID,2002,19450,0.1029305912596401,0.08674826654784154
2021-11-29,FluA,145,19450,0.007455012853470437,0.005523793228579687
2021-11-30,COVID,1942,21314,0.09111382190109787,0.08848693700147947
2021-11-30,FluA,214,21314,0.010040349066341372,0.006114227530591569
2021-12-01,COVID,1672,20084,0.08325034853614818,0.0894945834664823
2021-12-01,FluA,193,20084,0.009609639514041028,0.006725382297175903
2021-12-02,COVID,1793,20205,0.08874041078940856,0.09135789769991516
2021-12-02,FluA,159,20205,0.007869339272457313,0.007280421658238388
2021-12-03,COVID,1622,17925,0.0904881450488145,0.09220786471070241
2021-12-03,FluA,143,17925,0.00797768479776848,0.007834645098072818
2021-12-04,COVID,1441,14426,0.09988908914460003,0.09245801498289453
2021-12-04,FluA,126,14426,0.008734229862747817,0.008322407421018512
2021-12-05,COVID,1157,13134,0.0880919750266484,0.09207205452947965
2021-12-05,FluA,81,13134,0.0061671996345363175,0.008264779285908967
2021-12-06,COVID,1951,19295,0.10111427831044312,0.09181258125102296
2021-12-06,FluA,163,19295,0.008447784400103653,0.008406603792570855
2021-12-07,COVID,1800,20245,0.08891084218325512,0.09149786986275969
2021-12-07,FluA,170,20245,0.008397135095085207,0.00817185893953426
2021-12-08,COVID,1574,20358,0.07731604283328421,0.0906501119052077
2021-12-08,FluA,162,20358,0.007957559681697613,0.00793584753491377
2021-12-09,COVID,1596,19175,0.08323337679269882,0.08986339276282061
2021-12-09,FluA,170,19175,0.008865710560625815,0.008078186290366414
2021-12-10,COVID,1630,17680,0.09219457013574661,0.09010716777523949
2021-12-10,FluA,128,17680,0.007239819004524887,0.007972776891331615
2021-12-11,COVID,1404,14418,0.09737827715355805,0.08974848034794777
2021-12-11,FluA,117,14418,0.008114856429463172,0.007884294972290953
2021-12-12,COVID,1171,13776,0.08500290360046457,0.08930718442992149
2021-12-12,FluA,124,13776,0.009001161440185831,0.008289146658812311
2021-12-13,COVID,2034,20251,0.10043948446990272,0.0892107853098443
2021-12-13,FluA,215,20251,0.010616759666189324,0.00859900026825312
2021-12-14,COVID,2019,19713,0.1024197230254147,0.0911406254301528
2021-12-14,FluA,214,19713,0.010855780449449601,0.008950235318876607
2021-12-15,COVID,2050,21828,0.09391607110133773,0.09351205803987474
2021-12-15,FluA,202,21828,0.009254168957302546,0.009135465215391598
2021-12-16,COVID,2316,22495,0.10295621249166481,0.09632960599686988
2021-12-16,FluA,210,22495,0.009335407868415203,0.00920256483079008
2021-12-17,COVID,2334,20729,0.11259588016788075,0.09924407885860333
2021-12-17,FluA,173,20729,0.008345795745091417,0.00936056150801387
2021-12-18,COVID,2044,17188,0.11892017686758204,0.10232149310346392
2021-12-18,FluA,165,17188,0.009599720735396788,0.0095726849802901
2021-12-19,COVID,2006,17168,0.1168452935694315,0.10687040595617348
2021-12-19,FluA,165,17168,0.009610904007455732,0.00965979106132866
2021-12-20,COVID,3513,25979,0.1352246044882405,0.111839708815936
2021-12-20,FluA,206,25979,0.007929481504291928,0.009275894181057603
2021-12-21,COVID,3940,27943,0.1410013241241098,0.11735136611574959
2021-12-21,FluA,243,27943,0.008696274558923522,0.008967393339553877
2021-12-22,COVID,4445,28198,0.15763529328321157,0.12645411214173158
2021-12-22,FluA,182,28198,0.006454358465139372,0.008567420412101994
2021-12-23,COVID,4515,26649,0.169424743892829,0.13594961662761215
2021-12-23,FluA,169,26649,0.00634170137716237,0.008139748056208733
2021-12-24,COVID,2567,13223,0.194131437646525,0.1475975534102756
2021-12-24,FluA,78,13223,0.0058988126748846705,0.007790179046179198
2021-12-25,COVID,2,64,0.03125,0.13507324242919247
2021-12-26,COVID,4059,18702,0.21703561116458134,0.14938614494278532
2021-12-26,FluA,84,18702,0.004491498235482836,0.007060432974762919
2021-12-27,COVID,7758,28554,0.2716957343979828,0.16888202064417707
2021-12-27,FluA,169,28554,0.005918610352314912,0.006532962452599944
2021-12-28,COVID,8307,29091,0.285552232649273,0.18953215043348612
2021-12-28,FluA,138,29091,0.004743735175827575,0.006077855834247894
2021-12-29,COVID,8066,28934,0.27877237851662406,0.2068374483239736
2021-12-29,FluA,134,28934,0.004631229695168314,0.005497135139425721
2021-12-30,COVID,7977,28182,0.2830530125612093,0.2230700581337422
2021-12-30,FluA,97,28182,0.0034419132779788517,0.005066785826974218
2021-12-31,COVID,8546,24131,0.35415026314698933,0.24592989034809426
2021-12-31,FluA,105,24131,0.004351249430193527,0.0047824355488358125
2022-01-01,COVID,116,464,0.25,0.27717989034809426
2022-01-01,FluA,3,464,0.00646551724137931,0.004863393344049332
2022-01-02,COVID,5624,18918,0.2972830108891003,0.2886438045944541
2022-01-02,FluA,35,18918,0.001850089861507559,0.004486049290624293
2022-01-03,COVID,8958,28177,0.3179188700003549,0.29524710968050727
2022-01-03,FluA,58,28177,0.0020584164389395605,0.003934593017284957
2022-01-04,COVID,9599,28909,0.33204192466014043,0.30188849425348835
2022-01-04,FluA,58,28909,0.0020062956172818155,0.003543530223206991
2022-01-05,COVID,8989,28309,0.31753152707619486,0.30742551547628416
2022-01-05,FluA,58,28309,0.0020488183969762266,0.0031746143234652646
2022-01-06,COVID,8675,27912,0.3107982229865291,0.31138911696561555
2022-01-06,FluA,55,27912,0.0019704786471768415,0.0029644093762078343
2022-01-07,COVID,7420,25204,0.2943977146484685,0.302853038608684
2022-01-07,FluA,40,25204,0.0015870496746548167,0.0025695236968451616
2022-01-08,COVID,5580,19406,0.28753993610223644,0.30821588662328925
2022-01-08,FluA,29,19406,0.0014943831804596517,0.001859361688142353
2022-01-09,COVID,5189,17852,0.29066771230114274,0.3072708439678667
2022-01-09,FluA,24,17852,0.0013443871835088505,0.0017871184484282516
2022-01-10,COVID,8582,27740,0.3093727469358327,0.30604996924436356
2022-01-10,FluA,34,27740,0.0012256669069935112,0.0016681542295788163
2022-01-11,COVID,9048,28875,0.3133506493506493,0.30337978705729335
2022-01-11,FluA,47,28875,0.0016277056277056276,0.0016140699453536466
2022-01-12,COVID,7829,27536,0.2843187100522952,0.29863509891102197
2022-01-12,FluA,32,27536,0.0011621150493898896,0.0014873980385555984
2022-01-13,COVID,8422,28321,0.2973765050669115,0.2967177106367909
2022-01-13,FluA,50,28321,0.0017654743829667032,0.0014581117150970072
2022-01-14,COVID,6843,25015,0.27355586648011193,0.2937403037555971
2022-01-14,FluA,23,25015,0.0009194483310013992,0.0013627400945750905
2022-01-15,COVID,5240,18834,0.27822023999150475,0.2924089185969212
2022-01-15,FluA,22,18834,0.001168100244239142,0.0013161282465435889
2022-01-16,COVID,5200,17145,0.30329542140565763,0.2942128770404233
2022-01-16,FluA,21,17145,0.0012248468941382328,0.0012990510623477867
2022-01-17,COVID,8312,25311,0.3283947690727352,0.29693030877426646
2022-01-17,FluA,32,25311,0.0012642724507131286,0.0013045661400220177
2022-01-18,COVID,10841,31373,0.34555190769132693,0.3015304885372205
2022-01-18,FluA,44,31373,0.0014024798393523093,0.0012723910274001148
2022-01-19,COVID,9301,28991,0.32082370390810944,0.3067454876594796
2022-01-19,FluA,36,28991,0.0012417646855920803,0.0012837695468575707
2022-01-20,COVID,9014,29068,0.3101004541076097,0.30856319466529364
2022-01-20,FluA,43,29068,0.0014792899408284023,0.0012428860551235278
2022-01-21,COVID,7985,26480,0.3015483383685801,0.3125621192207891
2022-01-21,FluA,36,26480,0.0013595166163141994,0.0013057529530253564
2022-01-22,COVID,6192,20359,0.3041406748857999,0.3162650384914027
2022-01-22,FluA,17,20359,0.0008350115428066211,0.0012581688528207106
2022-01-23,COVID,5500,18106,0.3037667071688943,0.31633236502900797
2022-01-23,FluA,20,18106,0.0011046062078868884,0.0012409916119276614
2022-01-24,COVID,8399,27561,0.3047422081927361,0.31295342776043666
2022-01-24,FluA,46,27561,0.0016690250716592287,0.0012988134149199612
2022-01-25,COVID,7927,26692,0.2969803686497827,0.3060146364687875
2022-01-25,FluA,39,26692,0.0014611119436535292,0.0013071894298201357
2022-01-26,COVID,6486,25209,0.25728906342972746,0.29693825925759004
2022-01-26,FluA,42,25209,0.0016660716410805665,0.0013678047091756336
2022-01-27,COVID,6414,23897,0.2684018914508097,0.29098132173519003
2022-01-27,FluA,58,23897,0.0024270828974348245,0.0015032037029765511
2022-01-28,COVID,5581,20923,0.26673995124982075,0.2860086950039387
2022-01-28,FluA,38,20923,0.0018161831477321608,0.0015684417788934027
2022-01-29,COVID,4180,15445,0.2706377468436387,0.28122256242648713
2022-01-29,FluA,35,15445,0.0022661055357720947,0.0017728837778884703
2022-01-30,COVID,3631,14383,0.2524508099840089,0.2738917199715035
2022-01-30,FluA,32,14383,0.002224848779809497,0.0019329184310202718
2022-01-31,COVID,5149,20827,0.24722715705574494,0.2656752840947904
2022-01-31,FluA,48,20827,0.0023047006289912135,0.002023729224924841
2022-02-01,COVID,4841,19850,0.24387909319899245,0.2580893876018204
2022-02-01,FluA,53,19850,0.0026700251889168764,0.0021964311171053194
2022-02-02,COVID,4036,19207,0.2101317228093924,0.2513526246560583
2022-02-02,FluA,48,19207,0.0024990888738480764,0.002315433578929249
2022-02-03,COVID,3410,17477,0.19511357784516795,0.24088286556953803
2022-02-03,FluA,47,17477,0.002689248726898209,0.002352885840281161
2022-02-04,COVID,3213,15761,0.2038576232472559,0.2318996758548859
2022-02-04,FluA,32,15761,0.002030328024871518,0.0023834779655867834
2022-02-05,COVID,2754,12451,0.22118705324873505,0.22483529105561395
2022-02-05,FluA,32,12451,0.0025700746927957594,0.0024269021308758786
2022-02-06,COVID,2212,10753,0.20571003440900215,0.21815803740204157
2022-02-06,FluA,39,10753,0.0036268948200502186,0.002627194422338839
2022-02-07,COVID,2977,15861,0.1876930836643339,0.2096531697746971
2022-02-07,FluA,47,15861,0.0029632431750835383,0.0027212719289234568
2022-02-08,COVID,2649,14732,0.17981265272875374,0.2005008211360916
2022-02-08,FluA,50,14732,0.0033939723051859896,0.0028246929455333298
2022-02-09,COVID,2245,15142,0.14826310923259808,0.1916624477679781
2022-02-09,FluA,53,15142,0.003500198124422137,0.002967708552758196
2022-02-10,COVID,2142,13784,0.1553975623911782,0.18598873127455098
2022-02-10,FluA,46,13784,0.003337202553685432,0.003060273385156371
2022-02-11,COVID,1847,12161,0.1518789573225886,0.1785632075710271
2022-02-11,FluA,45,12161,0.0037003535893429815,0.003298848465795151
2022-02-12,COVID,1565,9866,0.1586255828096493,0.1696258546511577
2022-02-12,FluA,42,9866,0.004257044394891546,0.0035398441375231204
2022-02-13,COVID,1151,8739,0.13170843345920585,0.1590541973726154
2022-02-13,FluA,32,8739,0.003661746195216844,0.0035448229054040672
2022-02-14,COVID,1598,12860,0.12426127527216174,0.14999251045944792
2022-02-14,FluA,50,12860,0.0038880248833592537,0.0036769345780148835
2022-02-15,COVID,1484,12829,0.11567542287006002,0.14083004905106314
2022-02-15,FluA,55,12829,0.004287161898822979,0.0038045330913915967
2022-02-16,COVID,1339,14450,0.09266435986159169,0.13288737056949076
2022-02-16,FluA,59,14450,0.004083044982698962,0.003887796928288286
2022-02-17,COVID,1256,12851,0.0977355847793946,0.12464994519637883
2022-02-17,FluA,57,12851,0.004435452493969341,0.004044689776900272
2022-02-18,COVID,965,10957,0.0880715524322351,0.11553460164061405
2022-02-18,FluA,49,10957,0.004472027014693803,0.004154928837664675
2022-02-19,COVID,883,8698,0.10151759025063233,0.10737631698932591
2022-02-19,FluA,31,8698,0.003564037709818349,0.004055927882654219
2022-02-20,COVID,756,7490,0.10093457943925234,0.10298005212933256
2022-02-20,FluA,32,7490,0.004272363150867824,0.0041431588763186445
2022-02-21,COVID,990,11144,0.08883704235463029,0.09791944742682805
2022-02-21,FluA,59,11144,0.0052943287867910985,0.004344059433951765
2022-02-22,COVID,928,11586,0.08009666839288797,0.09283676821580346
2022-02-22,FluA,63,11586,0.0054375970999482135,0.004508407319826798
2022-02-23,COVID,791,12150,0.06510288065843621,0.08889941404392412
2022-02-23,FluA,74,12150,0.006090534979423868,0.004795191605073214
2022-02-24,COVID,804,11379,0.07065647244924862,0.08503096942533184
2022-02-24,FluA,59,11379,0.005184989893663766,0.004902268376458132
2022-02-25,COVID,581,9296,0.0625,0.08137789050644109
2022-02-25,FluA,47,9296,0.005055938037865749,0.004985684236911266
2022-02-26,COVID,569,7694,0.07395373017936054,0.07744019621054513
2022-02-26,FluA,35,7694,0.004548999220171562,0.005126393024104584
2022-02-27,COVID,476,6613,0.07197943444730077,0.07330374692598063
2022-02-27,FluA,44,6613,0.00665356116739755,0.005466564169323116
2022-02-28,COVID,622,10214,0.06089680830233014,0.06931228491850917
2022-02-28,FluA,55,10214,0.005384766007440768,0.005479483772273068
2022-03-01,COVID,519,10160,0.05108267716535433,0.06516742902886151
2022-03-01,FluA,60,10160,0.005905511811023622,0.005546328730998126
2022-03-02,COVID,546,10910,0.05004582951420715,0.06301642172254307
2022-03-02,FluA,53,10910,0.0048579285059578365,0.00537024209193155
2022-03-03,COVID,506,10003,0.05058482455263421,0.06014904345159816
2022-03-03,FluA,49,10003,0.00489853044086774,0.00532931931296069
2022-03-04,COVID,473,9018,0.05245065424706143,0.05871342262974979
2022-03-04,FluA,44,9018,0.004879130627633622,0.005304061111498957
2022-03-05,COVID,406,6743,0.06021058875871274,0.0567501167125144
2022-03-05,FluA,46,6743,0.006821889366750705,0.005628759703867406
2022-03-06,COVID,302,5806,0.052015156734412676,0.053898077039244666
2022-03-06,FluA,39,5806,0.006717189114708922,0.005637849410626173
2022-03-07,COVID,467,8906,0.05243655962272625,0.052689470085015545
2022-03-07,FluA,63,8906,0.007073882775656861,0.005879151806085615
2022-03-08,COVID,388,9316,0.04164877629884071,0.05134176996122788
2022-03-08,FluA,73,9316,0.007835981107771575,0.006154933134192466
2022-03-09,COVID,320,10574,0.030262909022129754,0.04851563846235968
2022-03-09,FluA,61,10574,0.005768867032343484,0.006285067209390416
2022-03-10,COVID,367,10386,0.03533602927017138,0.04633723913629356
2022-03-10,FluA,62,10386,0.005969574427113422,0.006438073493139798
2022-03-11,COVID,311,8961,0.03470594799687535,0.0438022811005527
2022-03-11,FluA,67,8961,0.007476844102220734,0.0068091754180808145
2022-03-12,COVID,234,6567,0.03563270899954317,0.04029115542067132
2022-03-12,FluA,41,6567,0.006243337901629359,0.006726525208777765
2022-03-13,COVID,259,5538,0.04676778620440592,0.03954153105924179
2022-03-13,FluA,38,5538,0.006861682918020947,0.006747167180679484
2022-03-14,COVID,407,9783,0.041602780333231115,0.03799384830359963
2022-03-14,FluA,87,9783,0.008892977614228765,0.007007037871904041
2022-03-15,COVID,377,9931,0.03796193736783808,0.03746715702774211
2022-03-15,FluA,82,9931,0.00825697311448998,0.007067179587149528
2022-03-16,COVID,312,10639,0.029326064479744337,0.03733332209311562
2022-03-16,FluA,83,10639,0.007801485101983269,0.007357553597098068
2022-03-17,COVID,356,9559,0.037242389371273145,0.037605659250415875
2022-03-17,FluA,90,9559,0.009415210796108379,0.007849787364097348
2022-03-18,COVID,334,8835,0.03780418788907753,0.0380482649493019
2022-03-18,FluA,76,8835,0.008602150537634409,0.0080105454262993
2022-03-19,COVID,323,6524,0.04950950337216432,0.04003066414539063
2022-03-19,FluA,55,6524,0.008430410790925812,0.00832298441048451
2022-03-20,COVID,308,5800,0.05310344827586207,0.040935758727027226
2022-03-20,FluA,55,5800,0.009482758620689655,0.008697423796580037
2022-03-21,COVID,424,8652,0.04900601017105871,0.041993362989574026
2022-03-21,FluA,92,8652,0.0106333795654184,0.008946052646749986
2022-03-22,COVID,389,8425,0.04617210682492581,0.04316624434058656
2022-03-22,FluA,80,8425,0.009495548961424332,0.009122992053454893
2022-03-23,COVID,429,9459,0.045353631462099586,0.045455896766637305
2022-03-23,FluA,98,9459,0.01036050322444233,0.009488566070949046
2022-03-24,COVID,403,8196,0.049170326988775014,0.04715988785485187
2022-03-24,FluA,71,8196,0.008662762323084432,0.009381073431945624
2022-03-25,COVID,394,7410,0.05317139001349527,0.0493552024440544
2022-03-25,FluA,71,7410,0.009581646423751687,0.009521001415676663
2022-03-26,COVID,332,5427,0.06117560346416068,0.05102178817148245
2022-03-26,FluA,60,5427,0.01105583195135434,0.009896061581452167
2022-03-27,COVID,306,5074,0.06030744974379188,0.05205093123832956
2022-03-27,FluA,38,5074,0.007489160425699646,0.009611261839310738
2022-03-28,COVID,450,7210,0.06241331484049931,0.05396626047682108
2022-03-28,FluA,69,7210,0.00957004160887656,0.009459356416947617
2022-03-29,COVID,454,7536,0.06024416135881104,0.05597655398166183
2022-03-29,FluA,77,7536,0.010217622080679405,0.009562509719698343
2022-03-30,COVID,457,8356,0.05469123982766874,0.05731049803388599
2022-03-30,FluA,113,8356,0.013523216850167545,0.010014325951944802
2022-03-31,COVID,436,7261,0.06004682550612863,0.058864283536365074
2022-03-31,FluA,68,7261,0.009365101225726483,0.010114660080893666
2022-04-01,COVID,466,7463,0.06244137746214659,0.06018856745760098
2022-04-01,FluA,71,7463,0.009513600428781991,0.010104939224469424
2022-04-02,COVID,443,5411,0.08187026427647386,0.06314494757364572
2022-04-02,FluA,51,5411,0.009425244871557938,0.009871998213069938
2022-04-03,COVID,484,4919,0.0983939825167717,0.06858588082692856
2022-04-03,FluA,52,4919,0.010571254319983736,0.010312297340824809
2022-04-04,COVID,613,7106,0.0862651280607937,0.07199328271554203
2022-04-04,FluA,97,7106,0.013650436251055446,0.010895210861136078
2022-04-05,COVID,552,7298,0.07563716086599068,0.07419228264513912
2022-04-05,FluA,70,7298,0.00959166895039737,0.0108057889853815
2022-04-06,COVID,649,7810,0.08309859154929577,0.07825047574822871
2022-04-06,FluA,98,7810,0.012548015364916773,0.010666474487488534
2022-04-07,COVID,628,7333,0.08564025637528978,0.08190668015810887
2022-04-07,FluA,91,7333,0.012409654984317469,0.011101410738715818
2022-04-08,COVID,638,6780,0.09410029498525074,0.08642938266140945
2022-04-08,FluA,68,6780,0.010029498525073746,0.011175110466757497
2022-04-09,COVID,544,5065,0.10740375123395854,0.09007702365533585
2022-04-09,FluA,49,5065,0.009674234945705825,0.011210680477350052
2022-04-10,COVID,575,5221,0.11013215859030837,0.09175390595155539
2022-04-10,FluA,45,5221,0.008619038498371959,0.010931792502834084
2022-04-11,COVID,763,7625,0.1000655737704918,0.09372539819579795
2022-04-11,FluA,100,7625,0.013114754098360656,0.010855266481020542
2022-04-12,COVID,832,8072,0.10307234886025768,0.09764471076640753
2022-04-12,FluA,103,8072,0.012760158572844401,0.011307907855655832
2022-04-13,COVID,859,8335,0.10305938812237553,0.10049625313399034
2022-04-13,FluA,113,8335,0.013557288542291542,0.011452089738137942
2022-04-14,COVID,948,7886,0.12021303575957393,0.10543522161745952
2022-04-14,FluA,104,7886,0.013187927973624143,0.011563271593753182
2022-04-15,COVID,904,7459,0.12119587076015552,0.10930601815673162
2022-04-15,FluA,96,7459,0.012870357956830674,0.011969108655432742
2022-04-16,COVID,828,6116,0.1353826030085023,0.11330299698166645
2022-04-16,FluA,62,6116,0.010137344669718771,0.012035267187434593
2022-04-17,COVID,29,279,0.1039426523297491,0.11241878180158656
2022-04-17,FluA,1,279,0.0035842293906810036,0.011316008743478743
2022-04-18,COVID,1368,8933,0.1531400425389007,0.12000084876850212
2022-04-18,FluA,106,8933,0.011866114407254002,0.01113763164474922
2022-04-19,COVID,989,7545,0.13108018555334658,0.12400196829608623
2022-04-19,FluA,106,7545,0.014049039098740888,0.011321757434163002
2022-04-20,COVID,1125,8416,0.13367395437262358,0.1283754777604074
2022-04-20,FluA,79,8416,0.009386882129277567,0.010725985089446721
2022-04-21,COVID,1030,8052,0.12791852955787383,0.12947626258873596
2022-04-21,FluA,118,8052,0.014654744162940884,0.010935530259349112
2022-04-22,COVID,992,6993,0.14185614185614184,0.13242772988816257
2022-04-22,FluA,59,6993,0.008437008437008437,0.010302194613660222
2022-04-23,COVID,1030,5805,0.17743324720068906,0.13843496477276068
2022-04-23,FluA,51,5805,0.008785529715762274,0.010109078191666437
2022-04-24,COVID,959,5251,0.18263187964197294,0.1496762829602212
2022-04-24,FluA,46,5251,0.008760236145496095,0.010848507728068594
2022-04-25,COVID,1379,8129,0.1696395620617542,0.15203335717777172
2022-04-25,FluA,96,8129,0.011809570672899495,0.010840430051732236
2022-04-26,COVID,1342,8076,0.16617137196631995,0.1570463838081965
2022-04-26,FluA,84,8076,0.010401188707280832,0.01031930856723794
2022-04-27,COVID,1435,9180,0.15631808278867101,0.16028125929620327
2022-04-27,FluA,99,9180,0.010784313725490196,0.010518941652411174
2022-04-28,COVID,1337,8380,0.15954653937947494,0.1647995464135749
2022-04-28,FluA,97,8380,0.011575178997613365,0.0100790037716501
2022-04-29,COVID,1255,7559,0.1660272522820479,0.1682525621887043
2022-04-29,FluA,81,7559,0.010715703135335361,0.010404531585696803
2022-04-30,COVID,1211,6422,0.18857053877296792,0.169843603841887
2022-04-30,FluA,67,6422,0.010432886951105575,0.01063986833360299
2022-05-01,COVID,1172,5594,0.20951018948873792,0.17368336239142484
2022-05-01,FluA,75,5594,0.013407222023596711,0.011303723459045931
2022-05-02,COVID,1817,9283,0.19573413767101153,0.17741115890703305
2022-05-02,FluA,110,9283,0.011849617580523537,0.011309444445849368
2022-05-03,COVID,1856,9418,0.19706944149500955,0.18182516883970296
2022-05-03,FluA,111,9418,0.011785941813548525,0.011507266318173325
2022-05-04,COVID,1561,9202,0.16963703542708106,0.18372787635947582
2022-05-04,FluA,107,9202,0.011627906976744186,0.011627779639781038
2022-05-05,COVID,1798,9595,0.1873892652423137,0.18770540862559565
2022-05-05,FluA,111,9595,0.01156852527357999,0.011626829107776269
2022-05-06,COVID,1799,9580,0.18778705636743215,0.1908139520663648
2022-05-06,FluA,98,9580,0.01022964509394572,0.011557392244720606
2022-05-07,COVID,1631,7454,0.21880869331902333,0.19513368843008702
2022-05-07,FluA,76,7454,0.010195867990340756,0.011523532393182776
2022-05-08,COVID,1542,6474,0.2381835032437442,0.19922987610937362
2022-05-08,FluA,69,6474,0.010658016682113068,0.011130788772970827
2022-05-09,COVID,2484,10445,0.23781713738630925,0.20524173321155903
2022-05-09,FluA,135,10445,0.01292484442316898,0.01128439260763446
2022-05-10,COVID,2397,10554,0.22711768050028425,0.20953433878374114
2022-05-10,FluA,127,10554,0.01203335228349441,0.011319736960483873
2022-05-11,COVID,1903,9896,0.19229991915925626,0.2127718936026233
2022-05-11,FluA,112,9896,0.01131770412287793,0.011275422267074408
2022-05-12,COVID,2357,11251,0.20949248955648386,0.2159294970760762
2022-05-12,FluA,140,11251,0.012443338369922674,0.011400395566551935
2022-05-13,COVID,2163,10111,0.2139254277519533,0.21966355013100777
2022-05-13,FluA,114,10111,0.011274849174166749,0.011549710435154936
2022-05-14,COVID,1973,8134,0.24256208507499386,0.22305689181043212
2022-05-14,FluA,96,8134,0.011802311285960166,0.01177920233452914
2022-05-15,COVID,2033,7498,0.27113897039210455,0.2277648156887693
2022-05-15,FluA,79,7498,0.010536142971459056,0.01176179180443571
2022-05-16,COVID,3037,11560,0.26271626297577855,0.2313218336301221
2022-05-16,FluA,122,11560,0.01055363321799308,0.011423047346553439
2022-05-17,COVID,2805,11392,0.2462254213483146,0.23405151089412643
2022-05-17,FluA,152,11392,0.013342696629213483,0.01161009653879902
2022-05-18,COVID,2806,12038,0.23309519853796312,0.23987940794822743
2022-05-18,FluA,155,12038,0.012875893005482638,0.01183269495059969
2022-05-19,COVID,2900,11729,0.2472504049791116,0.24527339586574565
2022-05-19,FluA,151,11729,0.012874072810981328,0.0118942284421795
2022-05-20,COVID,2640,10902,0.24215740231150248,0.24930653508853842
2022-05-20,FluA,135,10902,0.012383048981838195,0.012052542700418278
2022-05-21,COVID,2287,8837,0.25879823469503227,0.2516259850342582
2022-05-21,FluA,83,8837,0.009392327713024782,0.01170825933285608
2022-05-22,COVID,2207,7977,0.2766704274790021,0.2524161931895293
2022-05-22,FluA,104,7977,0.013037482762943463,0.012065593588782423
2022-05-23,COVID,3434,12537,0.273909228683098,0.2540151882905749
2022-05-23,FluA,142,12537,0.011326473638031426,0.012175999363073616
2022-05-24,COVID,3239,12725,0.2545383104125737,0.25520274387118336
2022-05-24,FluA,167,12725,0.0131237721021611,0.012144724430637561
2022-05-25,COVID,3162,13579,0.23285956255983503,0.2551690815885936
2022-05-25,FluA,143,13579,0.010530966934236689,0.011809734991888142
2022-05-26,COVID,3204,12862,0.24910589332918676,0.25543415135289005
2022-05-26,FluA,142,12862,0.011040273674389676,0.01154776368666076
2022-05-27,COVID,3108,12903,0.24087421529876774,0.25525083892249933
2022-05-27,FluA,161,12903,0.012477718360071301,0.011561287883551206
2022-05-28,COVID,2472,10192,0.2425431711145997,0.2529286869824376
2022-05-28,FluA,121,10192,0.011872056514913657,0.011915534855249616
2022-05-29,COVID,2615,9693,0.2697823171360776,0.25194467121916264
2022-05-29,FluA,120,9693,0.012380068090374497,0.01182161847345405
2022-05-30,COVID,175,781,0.22407170294494239,0.24482502468514042
2022-05-30,FluA,5,781,0.006402048655569782,0.011118129190245244
2022-05-31,COVID,4909,16560,0.29643719806763286,0.2508105800644346
2022-05-31,FluA,211,16560,0.012741545893719806,0.011063525446182202
2022-06-01,COVID,3712,14110,0.26307583274273566,0.2551271900905632
2022-06-01,FluA,195,14110,0.013819985825655563,0.01153338528781347
2022-06-02,COVID,3464,13101,0.2644072971528891,0.25731310492252074
2022-06-02,FluA,178,13101,0.013586749103121899,0.011897167491918072
2022-06-03,COVID,3025,12040,0.25124584717607973,0.2587947666192796
2022-06-03,FluA,132,12040,0.010963455149501661,0.01168084417612241
2022-06-04,COVID,2405,9634,0.24963670334232926,0.25980812836609807
2022-06-04,FluA,69,9634,0.007162134108366203,0.011007998118044201
2022-06-05,COVID,2422,8436,0.28710289236605024,0.2622824962560942
2022-06-05,FluA,79,8436,0.009364627785680417,0.010577220931659333
2022-06-06,COVID,3603,12390,0.2907990314769976,0.2718149717606735
2022-06-06,FluA,119,12390,0.0096045197740113,0.011034716805722407
2022-06-07,COVID,3229,11742,0.27499574178163855,0.26875190657696
2022-06-07,FluA,122,11742,0.010390052801907681,0.010698789221177818
2022-06-08,COVID,3101,12754,0.24313940724478594,0.26590384579153864
2022-06-08,FluA,111,12754,0.00870315195232868,0.009967812953559693
2022-06-09,COVID,2908,12042,0.24148812489619664,0.26262967832629686
2022-06-09,FluA,105,12042,0.008719481813652218,0.009272489055064023
2022-06-10,COVID,2745,11112,0.24703023758099352,0.26202744838414166
2022-06-10,FluA,89,11112,0.008009359251259899,0.008850475355315201
2022-06-11,COVID,2183,8593,0.2540439892936111,0.26265706066289624
2022-06-11,FluA,52,8593,0.006051437216338881,0.008691804370739869
2022-06-12,COVID,2226,7503,0.2966813274690124,0.26402540853474793
2022-06-12,FluA,61,7503,0.008130081300813009,0.008515440587187381
2022-06-13,COVID,3247,11498,0.28239693859801707,0.2628251095520365
2022-06-13,FluA,82,11498,0.0071316750739259,0.008162177058603752
2022-06-14,COVID,3003,10928,0.274798682284041,0.2627969581952368
2022-06-14,FluA,86,10928,0.0078696925329429,0.007802125591608784
2022-06-15,COVID,2856,11256,0.2537313432835821,0.2643100919150648
2022-06-15,FluA,69,11256,0.0061300639658848615,0.0074345415935453815
2022-06-16,COVID,2822,11206,0.25182937711940034,0.26578741366123676
2022-06-16,FluA,67,11206,0.0059789398536498305,0.007043035599259326
2022-06-17,COVID,2830,10829,0.2613353033521101,0.267830994485682
2022-06-17,FluA,60,10829,0.005540677809585373,0.00669036682187725
2022-06-18,COVID,2184,8002,0.27293176705823546,0.2705292484520569
2022-06-18,FluA,39,8002,0.004873781554611347,0.006522130298773318
2022-06-19,COVID,2159,6632,0.3255428226779252,0.2746523191961873
2022-06-19,FluA,35,6632,0.0052774427020506635,0.006114610498950125
2022-06-20,COVID,3518,10757,0.32704285581481823,0.28103030737001605
2022-06-20,FluA,81,10757,0.007529980477828391,0.0061715112709361955
2022-06-21,COVID,3200,11145,0.2871242709735307,0.2827911057542289
2022-06-21,FluA,59,11145,0.0052938537460744724,0.005803534301383563
2022-06-22,COVID,3247,11737,0.2766465025134191,0.2860646999299199
2022-06-22,FluA,61,11737,0.0051972394990201926,0.005670273663260039
2022-06-23,COVID,3000,11654,0.25742234425948174,0.2868636952356458
2022-06-23,FluA,35,11654,0.003003260683027287,0.005245176638885389
2022-06-24,COVID,2983,10520,0.2835551330798479,0.29003795662532267
2022-06-24,FluA,29,10520,0.002756653992395437,0.004847458950715399
2022-06-25,COVID,2417,8090,0.2987639060568603,0.2937282621965548
2022-06-25,FluA,21,8090,0.002595797280593325,0.004522032625855681
2022-06-26,COVID,2562,7283,0.3517781134148016,0.29747616087325135
2022-06-26,FluA,24,7283,0.0032953453247288205,0.004238875857666847
2022-06-27,COVID,3857,11125,0.34669662921348315,0.3002838427873464
2022-06-27,FluA,35,11125,0.003146067415730337,0.0036126025630814104
2022-06-28,COVID,3452,10749,0.32114615313052375,0.3051441116669168
2022-06-28,FluA,40,10749,0.003721276397804447,0.003387948656185692
2022-06-29,COVID,3189,11531,0.27655884138409503,0.3051315886484419
2022-06-29,FluA,38,11531,0.003295464400312202,0.003116266499227408
2022-06-30,COVID,3087,10896,0.2833149779735683,0.3088305363218829
2022-06-30,FluA,42,10896,0.003854625550660793,0.00323789005174648
2022-07-01,COVID,2964,10699,0.2770352369380316,0.30789912258733765
2022-07-01,FluA,25,10699,0.002336666978222264,0.003177891906864598
2022-07-02,COVID,2444,8906,0.27442173815405346,0.30442167002979387
2022-07-02,FluA,23,8906,0.0025825286323826633,0.0031759963856916465
2022-07-03,COVID,2722,7953,0.342260782094807,0.30306205126979463
2022-07-03,FluA,28,7953,0.00352068401860933,0.0032081876276745763
2022-07-04,COVID,177,565,0.31327433628318585,0.29828743799403784
2022-07-05,COVID,4932,14310,0.34465408805031444,0.3016457144111508
2022-07-05,FluA,42,14310,0.0029350104821802936,0.0031780366371674277
2022-07-06,COVID,3789,12630,0.3,0.3049944513562801
2022-07-06,FluA,34,12630,0.0026920031670625497,0.003030997604204299
2022-07-07,COVID,3598,12659,0.28422466229559995,0.3051244062594275
2022-07-07,FluA,24,12659,0.0018958843510545856,0.002831057597167497
2022-07-08,COVID,3448,11556,0.29837313949463484,0.30817267805322796
2022-07-08,FluA,27,11556,0.002336448598130841,0.0026141751753775036
2022-07-09,COVID,2670,8546,0.3124268663702317,0.31360198208411055
2022-07-09,FluA,17,8546,0.0019892347296981043,0.00256454199701691
2022-07-10,COVID,2697,7266,0.3711808422791082,0.31773341925329646
2022-07-10,FluA,15,7266,0.002064409578860446,0.0024905249893708787
2022-07-11,COVID,4232,11952,0.35408299866131193,0.32356322816445726
2022-07-11,FluA,16,11952,0.0013386880856760374,0.0021788112846661224
2022-07-12,COVID,3862,11518,0.3353012675811773,0.32222711095458056
2022-07-12,FluA,23,11518,0.001996874457371071,0.0020447918525505196
2022-07-13,COVID,2859,10491,0.2725193022590792,0.3183012969915919
2022-07-13,FluA,14,10491,0.0013344771709083976,0.0018508595673856405
2022-07-14,COVID,2513,9463,0.2655606044594737,0.3156350030150024
2022-07-14,FluA,19,9463,0.002007819930254676,0.0018668503644142247
2022-07-15,COVID,2451,9258,0.26474400518470514,0.3108308409707267
2022-07-15,FluA,10,9258,0.001080146899978397,0.00168737869324959
2022-07-16,COVID,2578,8020,0.3214463840399002,0.31211934349496506
2022-07-16,FluA,19,8020,0.002369077306733167,0.0017416419185403132
2022-07-17,COVID,2750,7432,0.370021528525296,0.3119537272444205
2022-07-17,FluA,8,7432,0.001076426264800861,0.0016005014451032297
2022-07-18,COVID,3993,11689,0.34160321669946103,0.3101709012498704
2022-07-18,FluA,17,11689,0.0014543587988707332,0.0016170258327024719
2022-07-19,COVID,3818,11837,0.3225479428909352,0.3083489977226929
2022-07-19,FluA,20,11837,0.0016896173016811692,0.0015731319533182002
2022-07-20,COVID,3653,12438,0.2936967358096157,0.3113743453727696
2022-07-20,FluA,14,12438,0.0011255828911400547,0.001543289913351294
2022-07-21,COVID,3483,11818,0.29471991876798104,0.3155399617025563
2022-07-21,FluA,12,11818,0.001015400236926722,0.0014015156714473006
2022-07-22,COVID,3351,11135,0.30094297260889086,0.32071124276315427
2022-07-22,FluA,17,11135,0.0015267175572519084,0.0014653114796292306
2022-07-23,COVID,2704,8674,0.31173622319575744,0.31932407692827675
2022-07-23,FluA,7,8674,0.0008070094535393129,0.001242158929172966
2022-07-24,COVID,2664,7288,0.36553238199780463,0.3186827702814923
2022-07-24,FluA,11,7288,0.0015093304061470911,0.001304002377936713
2022-07-25,COVID,4095,11658,0.3512609366958312,0.32006244456668803
2022-07-25,FluA,15,11658,0.0012866700977869274,0.0012800468492104552
2022-07-26,COVID,3585,11182,0.32060454301556074,0.3197848160130631
2022-07-26,FluA,17,11182,0.001520300482918977,0.0012558587322444275
2022-07-27,COVID,3340,11732,0.28469144220934195,0.3184983454987383
2022-07-27,FluA,25,11732,0.0021309239686327992,0.0013994788861719626
2022-07-28,COVID,3227,10910,0.29578368469294225,0.31865031205944705
2022-07-28,FluA,19,10910,0.0017415215398716773,0.0015032105008783848
2022-07-29,COVID,3139,10327,0.30396049191439917,0.31908138624594823
2022-07-29,FluA,17,10327,0.001646170233368839,0.001520275168895089
2022-07-30,COVID,2402,7499,0.3203093745832778,0.32030612215845106
2022-07-30,FluA,11,7499,0.0014668622482997733,0.001614539853860869
2022-07-31,COVID,2406,6540,0.3678899082568807,0.3206429116240334
2022-07-31,FluA,13,6540,0.001987767584097859,0.0016828880221395504
2022-08-01,COVID,3485,10440,0.33381226053639845,0.31815024360125727
2022-08-01,FluA,23,10440,0.002203065134099617,0.001813801598755649
2022-08-02,COVID,3226,10018,0.3220203633459772,0.3183525036484597
2022-08-02,FluA,7,10018,0.0006987422639249351,0.001696436138899357
2022-08-03,COVID,2958,10716,0.27603583426651734,0.31711598822805614
2022-08-03,FluA,14,10716,0.0013064576334453153,0.0015786552338725739
2022-08-04,COVID,2734,9414,0.29041852560016995,0.3163495369290886
2022-08-04,FluA,9,9414,0.0009560229445506692,0.0014664411488267152
2022-08-05,COVID,2523,8689,0.2903671308551041,0.3144076282063323
2022-08-05,FluA,13,8689,0.0014961445505811946,0.0014450089084284805
2022-08-06,COVID,2117,6434,0.3290332608019894,0.3156538976661482
2022-08-06,FluA,12,6434,0.0018650917003419335,0.0015018988301487893
2022-08-07,COVID,2069,5713,0.36215648520917204,0.3148348372307613
2022-08-07,FluA,3,5713,0.0005251181515841065,0.001292948911218253
2022-08-08,COVID,2966,8897,0.3333707991457795,0.31477177131781564
2022-08-08,FluA,7,8897,0.0007867820613690008,0.0010906227579710222
2022-08-09,COVID,2420,7846,0.30843742034157534,0.3128313508886154
2022-08-09,FluA,11,7846,0.001401988274279888,0.0011910864737360153
2022-08-10,COVID,2432,8429,0.2885277019812552,0.3146159034192922
2022-08-10,FluA,8,8429,0.0009491042828330763,0.0011400359950771242
2022-08-11,COVID,2280,8202,0.2779809802487198,0.31283911122622793
2022-08-11,FluA,11,8202,0.0013411363082175079,0.0011950521898866724
2022-08-12,COVID,2034,7216,0.28187361419068735,0.3116257517027398
2022-08-12,FluA,5,7216,0.0006929046563192905,0.0010803036335635433
2022-08-13,COVID,1761,5491,0.3207066108177017,0.31043623027641293
2022-08-13,FluA,7,5491,0.0012748133309051174,0.000995978152215427
2022-08-14,COVID,1767,5090,0.3471512770137525,0.30829262910563876
2022-08-14,FluA,6,5090,0.0011787819253438114,0.001089358691323956
2022-08-15,COVID,2144,6452,0.3323000619962802,0.3081396666557103
2022-08-15,FluA,11,6452,0.0017048977061376318,0.0012205180691480463
2022-08-16,COVID,2298,7611,0.3019314150571541,0.3072102373293644
2022-08-16,FluA,5,7611,0.0006569438969911969,0.0011140831581068046
2022-08-17,COVID,2134,7718,0.2764965016843742,0.30549149442980994
2022-08-17,FluA,13,7718,0.0016843741902047163,0.001219121716302753
2022-08-18,COVID,2003,7210,0.27780859916782247,0.3054668685611103
2022-08-18,FluA,9,7210,0.0012482662968099861,0.0012058545718159643
2022-08-19,COVID,1825,6419,0.28431219816170744,0.3058152376998275
2022-08-19,FluA,7,6419,0.0010905125408942203,0.0012626556981838114
2022-08-20,COVID,1630,5172,0.3151585460170147,0.30502265701401504
2022-08-20,FluA,12,5172,0.002320185614849188,0.0014119945958901074
2022-08-21,COVID,1647,4834,0.3407116259826231,0.30410270686671087
2022-08-21,FluA,6,4834,0.0012412081092263137,0.001420912622159036
2022-08-22,COVID,2313,7371,0.3137973137973138,0.30145945712400135
2022-08-22,FluA,14,7371,0.001899335232668566,0.0014486894116634552
2022-08-23,COVID,1943,6844,0.2838983050847458,0.2988832985565145
2022-08-23,FluA,12,6844,0.0017533606078316774,0.0016053203703549524
2022-08-24,COVID,1982,7230,0.2741355463347165,0.29854601922084906
2022-08-24,FluA,12,7230,0.0016597510373443983,0.001601802777089193
2022-08-25,COVID,1717,7062,0.24313225715094874,0.2935922560755815
2022-08-25,FluA,11,7062,0.001557632398753894,0.001645997934509751
2022-08-26,COVID,1642,6186,0.2654380860006466,0.290895954338287
2022-08-26,FluA,11,6186,0.0017782088587132234,0.0017442402656267513
2022-08-27,COVID,1397,4740,0.29472573839662447,0.28797698182108844
2022-08-27,FluA,10,4740,0.002109704641350211,0.0017141715551268976
2022-08-28,COVID,1537,4576,0.33588286713286714,0.28728715912826613
2022-08-28,FluA,5,4576,0.0010926573426573427,0.001692950017045616
2022-08-29,COVID,2028,6788,0.29876252209781967,0.2851393317426241
2022-08-29,FluA,11,6788,0.0016205067766647025,0.0016531173804736356
2022-08-30,COVID,1690,6220,0.2717041800643087,0.2833973138825617
2022-08-30,FluA,16,6220,0.002572347266881029,0.001770115474623543
2022-08-31,COVID,1536,6786,0.22634836427939875,0.2765705735889449
2022-08-31,FluA,13,6786,0.0019157088122605363,0.001806680871040134
2022-09-01,COVID,1393,6121,0.2275771932690737,0.2743484216058199
2022-09-01,FluA,11,6121,0.0017970919784348963,0.0018408893824231347
2022-09-02,COVID,1313,5118,0.2565455255959359,0.27307805583371836
2022-09-02,FluA,10,5118,0.0019538882375928096,0.0018659864365487898
2022-09-03,COVID,1144,4396,0.2602365787079163,0.26815103302104576
2022-09-03,FluA,7,4396,0.0015923566878980893,0.0017920795860556294
2022-09-04,COVID,1257,4353,0.28876636802205374,0.26142010457664383
2022-09-04,FluA,6,4353,0.0013783597518952446,0.0018328942159467584
2022-09-05,COVID,67,425,0.15764705882352942,0.24126075268031663
2022-09-06,COVID,2131,7611,0.27998948889764813,0.24244436822793655
2022-09-06,FluA,20,7611,0.0026277755879647877,0.001976789760418199
2022-09-07,COVID,1426,5518,0.25842696629213485,0.24702702565832743
2022-09-07,FluA,13,5518,0.002355926060166727,0.0019458724451732988
2022-09-08,COVID,1239,5152,0.24048913043478262,0.24887158811057156
2022-09-08,FluA,11,5152,0.0021350931677018635,0.0019772130673792023
2022-09-09,COVID,1121,4703,0.238358494577929,0.24627344082228486
2022-09-09,FluA,10,4703,0.00212630236019562,0.0020242431219164485
2022-09-10,COVID,943,3615,0.2608575380359613,0.24636214929771988
2022-09-10,FluA,9,3615,0.0024896265560165973,0.002100777167405561
2022-09-11,COVID,919,3219,0.2854923889406648,0.2458944380003786
2022-09-11,FluA,9,3219,0.0027958993476234857,0.002272711833080618
2022-09-12,COVID,1196,4911,0.2435349216045612,0.2581641326833831
2022-09-12,FluA,19,4911,0.003868865811443698,0.0026284984130161113
2022-09-13,COVID,1135,4856,0.2337314662273476,0.25155584373048306
2022-09-13,FluA,13,4856,0.0026771004942339376,0.0026355448281974183
2022-09-14,COVID,946,4522,0.20919946926138877,0.2445233441546622
2022-09-14,FluA,14,4522,0.0030959752321981426,0.0027412661384876207
2022-09-15,COVID,905,4143,0.2184407434226406,0.24137357458149905
2022-09-15,FluA,12,4143,0.002896451846488052,0.0028500316640285048
2022-09-16,COVID,822,3937,0.20878841757683517,0.23714927786705703
2022-09-16,FluA,12,3937,0.003048006096012192,0.0029817036262880154
2022-09-17,COVID,811,3183,0.25479107759974867,0.23628264066188384
2022-09-17,FluA,8,3183,0.0025133521834747093,0.0029850930016391735
2022-09-18,COVID,753,2877,0.26173096976016685,0.232888152207527
2022-09-18,FluA,8,2877,0.002780674313521029,0.0029829179967673946
2022-09-19,COVID,1054,4783,0.2203637884173113,0.22957799032363413
2022-09-19,FluA,15,4783,0.003136107045787163,0.0028782381731021754
2022-09-20,COVID,975,4243,0.22979024275276927,0.22901495839869437
2022-09-20,FluA,14,4243,0.0032995522036295072,0.0029671598458729707
2022-09-21,COVID,856,4042,0.21177634834240475,0.22938308398169663
2022-09-21,FluA,20,4042,0.004948045522018802,0.0032317413158473507
2022-09-22,COVID,804,3730,0.21554959785522787,0.228970063186352
2022-09-22,FluA,12,3730,0.0032171581769436996,0.0032775565059124435
2022-09-23,COVID,771,3420,0.22543859649122808,0.2313486601741224
2022-09-23,FluA,11,3420,0.003216374269005848,0.0033016091020543936
2022-09-24,COVID,607,2532,0.23973143759873616,0.2291972830311206
2022-09-24,FluA,12,2532,0.004739336492890996,0.0036196068605424347
2022-09-25,COVID,615,2399,0.2563568153397249,0.22842954668534318
2022-09-25,FluA,15,2399,0.006252605252188412,0.004115596994637776
2022-09-26,COVID,865,3877,0.22311065256641732,0.22882195584950119
2022-09-26,FluA,32,3877,0.008253804488006191,0.004846696629240493
2022-09-27,COVID,694,3183,0.21803330191643103,0.22714239287288146
2022-09-27,FluA,22,3183,0.006911718504555451,0.005362720386515628
2022-09-28,COVID,606,2856,0.21218487394957983,0.22720075367390646
2022-09-28,FluA,17,2856,0.005952380952380952,0.005506196876567364
2022-09-29,COVID,604,2822,0.21403260099220411,0.2269840398363316
2022-09-29,FluA,17,2822,0.006024096385542169,0.005907188049224288
2022-09-30,COVID,575,2666,0.21567891972993247,0.22558980029900372
2022-09-30,FluA,21,2666,0.007876969242310577,0.006572987331124964
2022-10-01,COVID,491,1985,0.2473551637279597,0.2266789040317499
2022-10-01,FluA,9,1985,0.004534005037783375,0.0065436542661095895
2022-10-02,COVID,481,1982,0.24268415741675076,0.22472566718561074
2022-10-02,FluA,18,1982,0.009081735620585268,0.006947815747309141
2022-10-03,COVID,696,3251,0.21408797293140572,0.22343671295203765
2022-10-03,FluA,50,3251,0.015379883112888341,0.007965826979435162
2022-10-04,COVID,481,2238,0.21492403932082216,0.22299253258123639
2022-10-04,FluA,27,2238,0.012064343163538873,0.008701916216432794
2022-10-05,COVID,637,3178,0.20044052863436124,0.2213147689647766
2022-10-05,FluA,24,3178,0.007551919446192574,0.00893042171554874
2022-10-06,COVID,527,2514,0.2096260938743039,0.2206852679479337
2022-10-06,FluA,29,2514,0.011535401750198886,0.009717751053356843
2022-10-07,COVID,505,2445,0.2065439672801636,0.21938027474082386
2022-10-07,FluA,15,2445,0.006134969325153374,0.009468893922334385
2022-10-08,COVID,503,2048,0.24560546875,0.21913031831540103
2022-10-08,FluA,19,2048,0.00927734375,0.010146513738365332
2022-10-09,COVID,470,1958,0.24004085801838612,0.2187527041156347
2022-10-09,FluA,14,1958,0.007150153217568948,0.009870573395077286
2022-10-10,COVID,664,3082,0.2154445165476963,0.21894649606081903
2022-10-10,FluA,33,3082,0.010707332900713823,0.009203066221909497
2022-10-11,COVID,616,2784,0.22126436781609196,0.219852257274429
2022-10-11,FluA,48,2784,0.017241379310344827,0.009942642814310346
2022-10-12,COVID,591,2798,0.21122230164403144,0.22139251056152479
2022-10-12,FluA,41,2798,0.014653323802716226,0.010957129150956585
2022-10-13,COVID,550,2532,0.21721958925750395,0.22247729561626764
2022-10-13,FluA,43,2532,0.0169826224328594,0.0117353035341938
2022-10-14,COVID,510,2434,0.209531635168447,0.22290410531459384
2022-10-14,FluA,37,2434,0.015201314708299097,0.013030495731786046
2022-10-15,COVID,473,2044,0.23140900195694716,0.220876038629872
2022-10-15,FluA,27,2044,0.013209393346379647,0.013592217102697425
2022-10-16,COVID,399,1676,0.23806682577565633,0.22059403402376773
2022-10-16,FluA,11,1676,0.0065632458233890216,0.01350837318924315
2022-10-17,COVID,660,3167,0.20839911588253868,0.2195875482144595
2022-10-17,FluA,53,3167,0.01673508051784023,0.014369479991689778
2022-10-18,COVID,558,2675,0.2085981308411215,0.21777808578946373
2022-10-18,FluA,56,2675,0.020934579439252338,0.014897080010105137
2022-10-19,COVID,578,2659,0.2173749529898458,0.2186570359817229
2022-10-19,FluA,58,2659,0.02181271154569387,0.015919849687673373
2022-10-20,COVID,557,2479,0.22468737394110527,0.21972386236509453
2022-10-20,FluA,39,2479,0.01573215006050827,0.0157412107773375
2022-10-21,COVID,520,2385,0.2180293501048218,0.22093782164171952
2022-10-21,FluA,47,2385,0.019706498951781972,0.016384808526406478
2022-10-22,COVID,438,1952,0.22438524590163936,0.2199344279195327
2022-10-22,FluA,29,1952,0.01485655737704918,0.016620117673644984
2022-10-23,COVID,422,1723,0.24492164828787,0.22091368827842037
2022-10-23,FluA,28,1723,0.01625072547881602,0.01800404333870598
2022-10-24,COVID,621,2706,0.229490022172949,0.22392667489133608
2022-10-24,FluA,81,2706,0.02993348115299335,0.019889529143727856
2022-10-25,COVID,586,2637,0.2222222222222222,0.22587297366006479
2022-10-25,FluA,86,2637,0.03261281759575275,0.021557848880370774
2022-10-26,COVID,602,2708,0.2223042836041359,0.2265771637478205
2022-10-26,FluA,86,2708,0.03175775480059084,0.022978569345356057
2022-10-27,COVID,505,2353,0.21461963450913726,0.22513891525753937
2022-10-27,FluA,67,2353,0.02847428814279643,0.024798874785682937
2022-10-28,COVID,482,2266,0.21270962047661077,0.22437895388208062
2022-10-28,FluA,60,2266,0.0264783759929391,0.025766285791562527
2022-10-29,COVID,430,1907,0.22548505506030414,0.2245360694761756
2022-10-29,FluA,55,1907,0.028841111693759833,0.02776407926537833
2022-10-30,COVID,449,1730,0.25953757225433527,0.22662405861424206
2022-10-30,FluA,52,1730,0.03005780346820809,0.02973651897814863
2022-10-31,COVID,644,2830,0.2275618374558304,0.22634860365465373
2022-10-31,FluA,82,2830,0.028975265017667843,0.029599630958816413
2022-11-01,COVID,617,2685,0.2297951582867784,0.22743045166387604
2022-11-01,FluA,97,2685,0.036126629422718805,0.03010160407695442
2022-11-02,COVID,493,2282,0.21603856266432953,0.2265353486724751
2022-11-02,FluA,86,2282,0.03768624014022787,0.030948530554045426
2022-11-03,COVID,578,2525,0.22891089108910892,0.22857695675532821
2022-11-03,FluA,97,2525,0.038415841584158415,0.032368752474239995
2022-11-04,COVID,536,2474,0.21665319320937754,0.2291403242885806
2022-11-04,FluA,88,2474,0.03556992724333064,0.033667545510010215
2022-11-05,COVID,460,1926,0.23883696780893043,0.2310477403955272
2022-11-05,FluA,74,1926,0.03842159916926272,0.0350361865779392
2022-11-06,COVID,505,1953,0.25857654889912957,0.23091045134478352
2022-11-06,FluA,68,1953,0.03481822836661547,0.03571624727771168
2022-11-07,COVID,765,2818,0.27146912704045423,0.2371829212854441
2022-11-07,FluA,100,2818,0.035486160397444996,0.03664637518910841
2022-11-08,COVID,681,2692,0.2529717682020802,0.24049386555905863
2022-11-08,FluA,111,2692,0.0412332838038633,0.037375897243557624
2022-11-09,COVID,680,2688,0.25297619047619047,0.24577066953218166
2022-11-09,FluA,104,2688,0.03869047619047619,0.03751935953645025
2022-11-10,COVID,672,2573,0.26117372716673143,0.25037964611469915
2022-11-10,FluA,104,2573,0.04041974349008939,0.03780563123729753
2022-11-11,COVID,575,2277,0.25252525252525254,0.255504226016967
2022-11-11,FluA,101,2277,0.04435660957400088,0.03906087157025042
2022-11-12,COVID,575,2107,0.2728998576174656,0.26037035313247203
2022-11-12,FluA,76,2107,0.036070242050308496,0.03872496341039982
2022-11-13,COVID,546,1909,0.286013619696176,0.2642899346749072
2022-11-13,FluA,88,1909,0.04609743321110529,0.04033627838818408
