age_bin,collection_date,positive_result,positivity_7day
18-24,2021-11-02,COVID,
18-24,2021-11-03,COVID,
18-24,2021-11-04,COVID,
18-24,2021-11-05,COVID,
18-24,2021-11-06,COVID,
18-24,2021-11-07,COVID,
18-24,2021-11-08,COVID,0.07503712732906895
18-24,2021-11-09,COVID,0.07720503143316888
18-24,2021-11-10,COVID,0.07980425419289962
18-24,2021-11-11,COVID,0.07944782183215691
18-24,2021-11-12,COVID,0.08101664187260187
18-24,2021-11-13,COVID,0.08071783486944688
18-24,2021-11-14,COVID,0.08068796180911164
18-24,2021-11-15,COVID,0.08122403021300514
18-24,2021-11-16,COVID,0.08158252452493524
18-24,2021-11-17,COVID,0.0804734123649394
18-24,2021-11-18,COVID,0.08002110290570433
18-24,2021-11-19,COVID,0.08185265464868816
18-24,2021-11-20,COVID,0.07929384122512009
18-24,2021-11-21,COVID,0.07635427254050339
18-24,2021-11-22,COVID,0.07442895025141916
18-24,2021-11-23,COVID,0.07436584563094616
18-24,2021-11-24,COVID,0.07466835265942115
18-24,2021-11-25,COVID,0.07624201583255556
18-24,2021-11-26,COVID,0.0783722687000127
18-24,2021-11-27,COVID,0.0833681333846026
18-24,2021-11-28,COVID,0.08899653918019904
18-24,2021-11-29,COVID,0.09372229748291093
18-24,2021-11-30,COVID,0.09403218853509787
18-24,2021-12-01,COVID,0.09646007061534563
18-24,2021-12-02,COVID,0.09929455759655859
18-24,2021-12-03,COVID,0.10019540845852921
18-24,2021-12-04,COVID,0.10209152000229997
18-24,2021-12-05,COVID,0.10303622545394252
18-24,2021-12-06,COVID,0.10379737209192934
18-24,2021-12-07,COVID,0.10554856424047247
18-24,2021-12-08,COVID,0.10475365636441593
18-24,2021-12-09,COVID,0.1035175808997083
18-24,2021-12-10,COVID,0.10055682130629565
18-24,2021-12-11,COVID,0.0972229842921157
18-24,2021-12-12,COVID,0.09403472853986976
18-24,2021-12-13,COVID,0.0925076772279798
18-24,2021-12-14,COVID,0.09330259270300044
18-24,2021-12-15,COVID,0.09416819671261664
18-24,2021-12-16,COVID,0.09736068834151043
18-24,2021-12-17,COVID,0.10154181461542464
18-24,2021-12-18,COVID,0.10574817966364691
18-24,2021-12-19,COVID,0.11323777977100062
18-24,2021-12-20,COVID,0.1224076387030515
18-24,2021-12-21,COVID,0.1363282860708136
18-24,2021-12-22,COVID,0.1531785239017691
18-24,2021-12-23,COVID,0.1681834585545765
18-24,2021-12-24,COVID,0.18466339705820936
18-24,2021-12-25,COVID,0.18034379849635115
18-24,2021-12-26,COVID,0.19894157969276272
18-24,2021-12-27,COVID,0.22052261813761698
18-24,2021-12-28,COVID,0.23982694261142484
18-24,2021-12-29,COVID,0.25544672563697285
18-24,2021-12-30,COVID,0.2685371559390329
18-24,2021-12-31,COVID,0.28697531217989286
18-24,2022-01-01,COVID,0.31206034619349826
18-24,2022-01-02,COVID,0.3200869806930623
18-24,2022-01-03,COVID,0.32164928269314075
18-24,2022-01-04,COVID,0.3241891868395674
18-24,2022-01-05,COVID,0.3245024610531348
18-24,2022-01-06,COVID,0.32412498113040444
18-24,2022-01-07,COVID,0.31719971583898093
18-24,2022-01-08,COVID,0.31834556170892114
18-24,2022-01-09,COVID,0.3167514361632726
18-24,2022-01-10,COVID,0.3153262251524699
18-24,2022-01-11,COVID,0.31223711294326445
18-24,2022-01-12,COVID,0.30774357226967697
18-24,2022-01-13,COVID,0.3046842147974636
18-24,2022-01-14,COVID,0.29507658538927517
18-24,2022-01-15,COVID,0.2906280362003059
18-24,2022-01-16,COVID,0.28884839196261547
18-24,2022-01-17,COVID,0.2898779146121137
18-24,2022-01-18,COVID,0.2901658354991547
18-24,2022-01-19,COVID,0.2925467792880076
18-24,2022-01-20,COVID,0.2909527530395496
18-24,2022-01-21,COVID,0.2946553330818774
18-24,2022-01-22,COVID,0.29741578194696905
18-24,2022-01-23,COVID,0.29767386469842844
18-24,2022-01-24,COVID,0.28931362574533
18-24,2022-01-25,COVID,0.27915565263814307
18-24,2022-01-26,COVID,0.26612121991231363
18-24,2022-01-27,COVID,0.26015253624545986
18-24,2022-01-28,COVID,0.2577419374332956
18-24,2022-01-29,COVID,0.2559809153777457
18-24,2022-01-30,COVID,0.2495380147618178
18-24,2022-01-31,COVID,0.2412012097411455
18-24,2022-02-01,COVID,0.23244261202319322
18-24,2022-02-02,COVID,0.22795466256509575
18-24,2022-02-03,COVID,0.21630568888157561
18-24,2022-02-04,COVID,0.20237344455974873
18-24,2022-02-05,COVID,0.19621076992193767
18-24,2022-02-06,COVID,0.18766265872481985
18-24,2022-02-07,COVID,0.17977920383237747
18-24,2022-02-08,COVID,0.17096786705104036
18-24,2022-02-09,COVID,0.16381061049894322
18-24,2022-02-10,COVID,0.1618167550085048
18-24,2022-02-11,COVID,0.1614286894940798
18-24,2022-02-12,COVID,0.15539347207579238
18-24,2022-02-13,COVID,0.14685898120434498
18-24,2022-02-14,COVID,0.1380642531469441
18-24,2022-02-15,COVID,0.13236713150688625
18-24,2022-02-16,COVID,0.12542153436284217
18-24,2022-02-17,COVID,0.11784494567904305
18-24,2022-02-18,COVID,0.1078747106812286
18-24,2022-02-19,COVID,0.09698381127717234
18-24,2022-02-20,COVID,0.09153869201516344
18-24,2022-02-21,COVID,0.08779414530610312
18-24,2022-02-22,COVID,0.08436444261474643
18-24,2022-02-23,COVID,0.08060625581682637
18-24,2022-02-24,COVID,0.07672319289636732
18-24,2022-02-25,COVID,0.07172721213562812
18-24,2022-02-26,COVID,0.0669724160745396
18-24,2022-02-27,COVID,0.0629486332046029
18-24,2022-02-28,COVID,0.06006386086614414
18-24,2022-03-01,COVID,0.055544487060304945
18-24,2022-03-02,COVID,0.051710465437827
18-24,2022-03-03,COVID,0.049407600065440815
18-24,2022-03-04,COVID,0.04882624314291898
18-24,2022-03-05,COVID,0.04522008983768284
18-24,2022-03-06,COVID,0.04210249856219683
18-24,2022-03-07,COVID,0.041226541388675826
18-24,2022-03-08,COVID,0.04042426097670525
18-24,2022-03-09,COVID,0.03978182723531752
18-24,2022-03-10,COVID,0.038145066083465747
18-24,2022-03-11,COVID,0.0347511549213799
18-24,2022-03-12,COVID,0.03562237277770717
18-24,2022-03-13,COVID,0.034127037801611464
18-24,2022-03-14,COVID,0.03189564598251874
18-24,2022-03-15,COVID,0.03177610485017405
18-24,2022-03-16,COVID,0.03102552443098614
18-24,2022-03-17,COVID,0.031890850435240876
18-24,2022-03-18,COVID,0.03252220648896872
18-24,2022-03-19,COVID,0.035892160044076825
18-24,2022-03-20,COVID,0.03718515430600178
18-24,2022-03-21,COVID,0.03669357721653208
18-24,2022-03-22,COVID,0.03719666405801625
18-24,2022-03-23,COVID,0.038627001221989025
18-24,2022-03-24,COVID,0.0418362177420974
18-24,2022-03-25,COVID,0.04404282288595222
18-24,2022-03-26,COVID,0.04264508275383859
18-24,2022-03-27,COVID,0.04340563718411779
18-24,2022-03-28,COVID,0.04802684966683944
18-24,2022-03-29,COVID,0.05053538961926133
18-24,2022-03-30,COVID,0.05414516862042977
18-24,2022-03-31,COVID,0.05356438795865049
18-24,2022-04-01,COVID,0.054246113640376174
18-24,2022-04-02,COVID,0.057551698007653515
18-24,2022-04-03,COVID,0.059225683494588635
18-24,2022-04-04,COVID,0.06051893381209321
18-24,2022-04-05,COVID,0.0611577663102122
18-24,2022-04-06,COVID,0.062497016215676916
18-24,2022-04-07,COVID,0.06496325825389347
18-24,2022-04-08,COVID,0.0738081926824855
18-24,2022-04-09,COVID,0.07808621638340364
18-24,2022-04-10,COVID,0.08557028181156934
18-24,2022-04-11,COVID,0.0869440828530349
18-24,2022-04-12,COVID,0.09112926321895022
18-24,2022-04-13,COVID,0.09509940444845333
18-24,2022-04-14,COVID,0.10357770022536282
18-24,2022-04-15,COVID,0.10399898690509717
18-24,2022-04-16,COVID,0.1066650018792146
18-24,2022-04-17,COVID,0.09967145312861599
18-24,2022-04-18,COVID,0.10997135058368553
18-24,2022-04-19,COVID,0.11351130420425526
18-24,2022-04-20,COVID,0.11754577743736487
18-24,2022-04-21,COVID,0.11631768794829414
18-24,2022-04-22,COVID,0.12159451638301731
18-24,2022-04-23,COVID,0.12783435650948444
18-24,2022-04-24,COVID,0.14391165270726256
18-24,2022-04-25,COVID,0.14565752314672914
18-24,2022-04-26,COVID,0.15101449419154053
18-24,2022-04-27,COVID,0.1555041257998162
18-24,2022-04-28,COVID,0.16496237758281215
18-24,2022-04-29,COVID,0.16562529120709915
18-24,2022-04-30,COVID,0.16338763157897254
18-24,2022-05-01,COVID,0.16592947134726913
18-24,2022-05-02,COVID,0.16746138063288782
18-24,2022-05-03,COVID,0.17312732140244394
18-24,2022-05-04,COVID,0.17667063837859676
18-24,2022-05-05,COVID,0.17225740515515028
18-24,2022-05-06,COVID,0.16750310846137803
18-24,2022-05-07,COVID,0.1690774274583045
18-24,2022-05-08,COVID,0.16941332489813024
18-24,2022-05-09,COVID,0.17537081057802623
18-24,2022-05-10,COVID,0.17966221528306514
18-24,2022-05-11,COVID,0.17850960466506532
18-24,2022-05-12,COVID,0.18301988997548452
18-24,2022-05-13,COVID,0.19249209309827892
18-24,2022-05-14,COVID,0.19742444229956288
18-24,2022-05-15,COVID,0.20518839542859987
18-24,2022-05-16,COVID,0.20891899023062327
18-24,2022-05-17,COVID,0.21149137422323336
18-24,2022-05-18,COVID,0.21999542696127833
18-24,2022-05-19,COVID,0.22380128498742535
18-24,2022-05-20,COVID,0.2281875754607204
18-24,2022-05-21,COVID,0.2319821348108353
18-24,2022-05-22,COVID,0.23316294455804712
18-24,2022-05-23,COVID,0.23647301026706186
18-24,2022-05-24,COVID,0.23745553076745662
18-24,2022-05-25,COVID,0.23735815130352036
18-24,2022-05-26,COVID,0.2390772003024817
18-24,2022-05-27,COVID,0.23851398322755854
18-24,2022-05-28,COVID,0.23477562185030829
18-24,2022-05-29,COVID,0.2326615512660113
18-24,2022-05-30,COVID,0.22829158866376628
18-24,2022-05-31,COVID,0.23499411091596242
18-24,2022-06-01,COVID,0.2391502972032893
18-24,2022-06-02,COVID,0.24421157449009342
18-24,2022-06-03,COVID,0.24682279505825083
18-24,2022-06-04,COVID,0.25257743362538937
18-24,2022-06-05,COVID,0.2578886847212353
18-24,2022-06-06,COVID,0.26271450223818427
18-24,2022-06-07,COVID,0.25821070756480063
18-24,2022-06-08,COVID,0.2539099443772227
18-24,2022-06-09,COVID,0.2512871068526998
18-24,2022-06-10,COVID,0.24780991319064927
18-24,2022-06-11,COVID,0.24562816045714372
18-24,2022-06-12,COVID,0.24763079263971724
18-24,2022-06-13,COVID,0.24486234596277168
18-24,2022-06-14,COVID,0.2423785471253206
18-24,2022-06-15,COVID,0.24299922402121996
18-24,2022-06-16,COVID,0.24157760559911304
18-24,2022-06-17,COVID,0.24566722270823266
18-24,2022-06-18,COVID,0.2483458284323826
18-24,2022-06-19,COVID,0.24756636364395943
18-24,2022-06-20,COVID,0.25403060040523
18-24,2022-06-21,COVID,0.2599990038436597
18-24,2022-06-22,COVID,0.26997318697284645
18-24,2022-06-23,COVID,0.2729869899793909
25-44,2021-11-02,COVID,0.24815598269704922
25-44,2021-11-03,COVID,0.22200578386134864
25-44,2021-11-04,COVID,0.1901437257133737
25-44,2021-11-05,COVID,0.15933641182617744
25-44,2021-11-06,COVID,0.13221183048819377
25-44,2021-11-07,COVID,0.10079970009482489
25-44,2021-11-08,COVID,0.07582581307833126
25-44,2021-11-09,COVID,0.07778350272903192
25-44,2021-11-10,COVID,0.07948591100787779
25-44,2021-11-11,COVID,0.08042537268824293
25-44,2021-11-12,COVID,0.0818043841298391
25-44,2021-11-13,COVID,0.08193166335004713
25-44,2021-11-14,COVID,0.08273792162810993
25-44,2021-11-15,COVID,0.08461456476531644
25-44,2021-11-16,COVID,0.08478077689487093
25-44,2021-11-17,COVID,0.08462776892895119
25-44,2021-11-18,COVID,0.08419655842370417
25-44,2021-11-19,COVID,0.08342205130709313
25-44,2021-11-20,COVID,0.08327578996658223
25-44,2021-11-21,COVID,0.08177574858214778
25-44,2021-11-22,COVID,0.08031559784960364
25-44,2021-11-23,COVID,0.07971332244747496
25-44,2021-11-24,COVID,0.0805331738805994
25-44,2021-11-25,COVID,0.0743108818580834
25-44,2021-11-26,COVID,0.07549022398477775
25-44,2021-11-27,COVID,0.0766786474017583
25-44,2021-11-28,COVID,0.08011548569505669
25-44,2021-11-29,COVID,0.08445696599262055
25-44,2021-11-30,COVID,0.08702453663804352
25-44,2021-12-01,COVID,0.08822460263612371
25-44,2021-12-02,COVID,0.09696531550999886
25-44,2021-12-03,COVID,0.09829654412879253
25-44,2021-12-04,COVID,0.1007088252044847
25-44,2021-12-05,COVID,0.09952664237494377
25-44,2021-12-06,COVID,0.09861548107051053
25-44,2021-12-07,COVID,0.09826058164805497
25-44,2021-12-08,COVID,0.09762737502404027
25-44,2021-12-09,COVID,0.09735842273867604
25-44,2021-12-10,COVID,0.09724551668386565
25-44,2021-12-11,COVID,0.09659396550614155
25-44,2021-12-12,COVID,0.09755341435084589
25-44,2021-12-13,COVID,0.09856124296137533
25-44,2021-12-14,COVID,0.10283575905920518
25-44,2021-12-15,COVID,0.10834287116326287
25-44,2021-12-16,COVID,0.11374574805619149
25-44,2021-12-17,COVID,0.1195619417153518
25-44,2021-12-18,COVID,0.12572938134001238
25-44,2021-12-19,COVID,0.13210045462258788
25-44,2021-12-20,COVID,0.13992083537661237
25-44,2021-12-21,COVID,0.146914510970755
25-44,2021-12-22,COVID,0.15726681547586172
25-44,2021-12-23,COVID,0.16801677868390957
25-44,2021-12-24,COVID,0.18094758164820363
25-44,2021-12-25,COVID,0.15866886992849813
25-44,2021-12-26,COVID,0.1745559616963314
25-44,2021-12-27,COVID,0.19554840689780553
25-44,2021-12-28,COVID,0.2169741395497642
25-44,2021-12-29,COVID,0.23490189551325039
25-44,2021-12-30,COVID,0.2507470081235658
25-44,2021-12-31,COVID,0.2724847726074509
25-44,2022-01-01,COVID,0.30269245039222126
25-44,2022-01-02,COVID,0.31393045292420846
25-44,2022-01-03,COVID,0.3180350535261309
25-44,2022-01-04,COVID,0.3211385723137149
25-44,2022-01-05,COVID,0.32413680340024487
25-44,2022-01-06,COVID,0.3258587447023271
25-44,2022-01-07,COVID,0.3164905055664489
25-44,2022-01-08,COVID,0.3290886201201812
25-44,2022-01-09,COVID,0.3251650757910881
25-44,2022-01-10,COVID,0.32080569034100886
25-44,2022-01-11,COVID,0.315441873519548
25-44,2022-01-12,COVID,0.30825349886703707
25-44,2022-01-13,COVID,0.3045781582487503
25-44,2022-01-14,COVID,0.29942156465216346
25-44,2022-01-15,COVID,0.2964721928962956
25-44,2022-01-16,COVID,0.29781618778013985
25-44,2022-01-17,COVID,0.3001426983836618
25-44,2022-01-18,COVID,0.3045728290153851
25-44,2022-01-19,COVID,0.30922624860612347
25-44,2022-01-20,COVID,0.3103711393525407
25-44,2022-01-21,COVID,0.3144272821474924
25-44,2022-01-22,COVID,0.3179148314552193
25-44,2022-01-23,COVID,0.31625987540724865
25-44,2022-01-24,COVID,0.31259581109487333
25-44,2022-01-25,COVID,0.30488969352463385
25-44,2022-01-26,COVID,0.29685379018524255
25-44,2022-01-27,COVID,0.2893210916474117
25-44,2022-01-28,COVID,0.283915287665904
25-44,2022-01-29,COVID,0.2778998838676498
25-44,2022-01-30,COVID,0.2716835661138533
25-44,2022-01-31,COVID,0.2623200085742726
25-44,2022-02-01,COVID,0.2538484192041304
25-44,2022-02-02,COVID,0.24429276724370758
25-44,2022-02-03,COVID,0.23321589558915304
25-44,2022-02-04,COVID,0.22354950548393263
25-44,2022-02-05,COVID,0.21554322562394382
25-44,2022-02-06,COVID,0.20739029878424656
25-44,2022-02-07,COVID,0.19850951861331625
25-44,2022-02-08,COVID,0.19010052050149023
25-44,2022-02-09,COVID,0.1824579239152249
25-44,2022-02-10,COVID,0.1781228126022091
25-44,2022-02-11,COVID,0.16869595078314817
25-44,2022-02-12,COVID,0.16106422874941292
25-44,2022-02-13,COVID,0.15003338945097267
25-44,2022-02-14,COVID,0.14295912426483806
25-44,2022-02-15,COVID,0.13351508159453154
25-44,2022-02-16,COVID,0.12500418264887483
25-44,2022-02-17,COVID,0.11679036747853791
25-44,2022-02-18,COVID,0.10931085818933366
25-44,2022-02-19,COVID,0.10046037659847477
25-44,2022-02-20,COVID,0.09586678640408865
25-44,2022-02-21,COVID,0.0883628442571628
25-44,2022-02-22,COVID,0.08501946941362651
25-44,2022-02-23,COVID,0.08097020880230818
25-44,2022-02-24,COVID,0.07813247036886661
25-44,2022-02-25,COVID,0.07455956592929616
25-44,2022-02-26,COVID,0.07184487023746343
25-44,2022-02-27,COVID,0.06881074760021254
25-44,2022-02-28,COVID,0.06638363773323454
25-44,2022-03-01,COVID,0.06228949637146699
25-44,2022-03-02,COVID,0.0619570224640645
25-44,2022-03-03,COVID,0.05926359097895127
25-44,2022-03-04,COVID,0.05842927207707292
25-44,2022-03-05,COVID,0.05751634757581405
25-44,2022-03-06,COVID,0.0535740752207713
25-44,2022-03-07,COVID,0.053406737806114636
25-44,2022-03-08,COVID,0.05204069962381817
25-44,2022-03-09,COVID,0.04874245482535417
25-44,2022-03-10,COVID,0.046729586133047375
25-44,2022-03-11,COVID,0.043881406663768927
25-44,2022-03-12,COVID,0.039435201757823925
25-44,2022-03-13,COVID,0.04023873954072464
25-44,2022-03-14,COVID,0.038080177028902415
25-44,2022-03-15,COVID,0.03829649345656277
25-44,2022-03-16,COVID,0.03805085486955407
25-44,2022-03-17,COVID,0.03837806486882529
25-44,2022-03-18,COVID,0.039054166786645236
25-44,2022-03-19,COVID,0.04124861705853728
25-44,2022-03-20,COVID,0.04185111244279126
25-44,2022-03-21,COVID,0.04382226275665916
25-44,2022-03-22,COVID,0.04568903754214664
25-44,2022-03-23,COVID,0.04848031405176055
25-44,2022-03-24,COVID,0.04957226317602602
25-44,2022-03-25,COVID,0.05195605136041468
25-44,2022-03-26,COVID,0.05514532085620504
25-44,2022-03-27,COVID,0.05609094675584321
25-44,2022-03-28,COVID,0.05748810324461662
25-44,2022-03-29,COVID,0.05945253574785309
25-44,2022-03-30,COVID,0.06062567269041717
25-44,2022-03-31,COVID,0.06354362851177607
25-44,2022-04-01,COVID,0.06621200994505097
25-44,2022-04-02,COVID,0.06756579206737694
25-44,2022-04-03,COVID,0.07476929719824285
25-44,2022-04-04,COVID,0.07656474315408016
25-44,2022-04-05,COVID,0.07803421068885961
25-44,2022-04-06,COVID,0.08200605624015389
25-44,2022-04-07,COVID,0.08567257139088467
25-44,2022-04-08,COVID,0.08875721862202939
25-44,2022-04-09,COVID,0.09261867867038524
25-44,2022-04-10,COVID,0.09207700026517447
25-44,2022-04-11,COVID,0.09427272336354689
25-44,2022-04-12,COVID,0.09826218355939922
25-44,2022-04-13,COVID,0.10159236262908822
25-44,2022-04-14,COVID,0.1057849746479268
25-44,2022-04-15,COVID,0.10971335951848663
25-44,2022-04-16,COVID,0.11501878775192852
25-44,2022-04-17,COVID,0.1167948508200954
25-44,2022-04-18,COVID,0.1250845222442206
25-44,2022-04-19,COVID,0.1285135185932592
25-44,2022-04-20,COVID,0.13287437939055133
25-44,2022-04-21,COVID,0.13366834262343727
25-44,2022-04-22,COVID,0.13617033072817564
25-44,2022-04-23,COVID,0.14070202561549366
25-44,2022-04-24,COVID,0.14886419120443753
25-44,2022-04-25,COVID,0.15071898936900827
25-44,2022-04-26,COVID,0.1565587263937617
25-44,2022-04-27,COVID,0.15979900348597328
25-44,2022-04-28,COVID,0.1637426828155478
25-44,2022-04-29,COVID,0.16789359030380427
25-44,2022-04-30,COVID,0.1703995289471004
25-44,2022-05-01,COVID,0.17506356637752454
25-44,2022-05-02,COVID,0.17931736021281433
25-44,2022-05-03,COVID,0.18465078652726902
25-44,2022-05-04,COVID,0.18681712981281387
25-44,2022-05-05,COVID,0.19232951634561185
25-44,2022-05-06,COVID,0.19610753646629436
25-44,2022-05-07,COVID,0.20023747148561696
25-44,2022-05-08,COVID,0.20479614784596928
25-44,2022-05-09,COVID,0.21166119323896013
25-44,2022-05-10,COVID,0.21535710757277027
25-44,2022-05-11,COVID,0.2196632783054302
25-44,2022-05-12,COVID,0.2227828343444708
25-44,2022-05-13,COVID,0.2267949582807109
25-44,2022-05-14,COVID,0.23190078796152744
25-44,2022-05-15,COVID,0.23585535345066377
25-44,2022-05-16,COVID,0.23919901489037157
25-44,2022-05-17,COVID,0.24369975875924127
25-44,2022-05-18,COVID,0.24809856985648393
25-44,2022-05-19,COVID,0.25373545168480593
25-44,2022-05-20,COVID,0.2571492298976213
25-44,2022-05-21,COVID,0.259502763483489
25-44,2022-05-22,COVID,0.26364197018657837
25-44,2022-05-23,COVID,0.26581861186370775
25-44,2022-05-24,COVID,0.2644016074135689
25-44,2022-05-25,COVID,0.2643529548773654
25-44,2022-05-26,COVID,0.26597894978739667
25-44,2022-05-27,COVID,0.266275979188641
25-44,2022-05-28,COVID,0.26368330063020357
25-44,2022-05-29,COVID,0.2622829672542228
25-44,2022-05-30,COVID,0.25143467681742887
25-44,2022-05-31,COVID,0.26036394429155857
25-44,2022-06-01,COVID,0.26675059200731993
25-44,2022-06-02,COVID,0.2708336951018017
25-44,2022-06-03,COVID,0.2729791555395235
25-44,2022-06-04,COVID,0.2753527681025164
25-44,2022-06-05,COVID,0.27726155444350464
25-44,2022-06-06,COVID,0.2908518425499847
25-44,2022-06-07,COVID,0.2868363130064724
25-44,2022-06-08,COVID,0.28563079884645454
25-44,2022-06-09,COVID,0.28109805897279594
25-44,2022-06-10,COVID,0.28000008595646086
25-44,2022-06-11,COVID,0.28173093374216734
25-44,2022-06-12,COVID,0.28469154815293285
25-44,2022-06-13,COVID,0.28384206241961774
25-44,2022-06-14,COVID,0.28415544666989573
25-44,2022-06-15,COVID,0.2848194516802284
25-44,2022-06-16,COVID,0.2867483511029258
25-44,2022-06-17,COVID,0.2900182668994354
25-44,2022-06-18,COVID,0.29047431153012676
25-44,2022-06-19,COVID,0.29261877413250476
25-44,2022-06-20,COVID,0.29798039739051113
25-44,2022-06-21,COVID,0.29962101786290696
25-44,2022-06-22,COVID,0.30273321670442666
25-44,2022-06-23,COVID,0.30469587870156295
45-64,2021-11-02,COVID,0.27408847638915496
45-64,2021-11-03,COVID,0.24010577668269614
45-64,2021-11-04,COVID,0.2011346100326574
45-64,2021-11-05,COVID,0.16330312318635679
45-64,2021-11-06,COVID,0.13176466260576863
45-64,2021-11-07,COVID,0.09924916069323426
45-64,2021-11-08,COVID,0.06806983611925292
45-64,2021-11-09,COVID,0.06956873688608588
45-64,2021-11-10,COVID,0.07301720564739365
45-64,2021-11-11,COVID,0.07437691637091824
45-64,2021-11-12,COVID,0.07635298490640484
45-64,2021-11-13,COVID,0.07684745769639213
45-64,2021-11-14,COVID,0.07707612740934626
45-64,2021-11-15,COVID,0.07981273110274315
45-64,2021-11-16,COVID,0.0802709981401247
45-64,2021-11-17,COVID,0.07835306974408017
45-64,2021-11-18,COVID,0.07771398717275545
45-64,2021-11-19,COVID,0.07758444891861674
45-64,2021-11-20,COVID,0.07845670280044477
45-64,2021-11-21,COVID,0.07833791370035284
45-64,2021-11-22,COVID,0.07703636017248582
45-64,2021-11-23,COVID,0.07665306190637085
45-64,2021-11-24,COVID,0.07845053295631836
45-64,2021-11-25,COVID,0.08468631521099382
45-64,2021-11-26,COVID,0.08432928803598362
45-64,2021-11-27,COVID,0.08486518201817754
45-64,2021-11-28,COVID,0.08634896026184416
45-64,2021-11-29,COVID,0.08852153003645635
45-64,2021-11-30,COVID,0.0906039917402961
45-64,2021-12-01,COVID,0.09197453720714845
45-64,2021-12-02,COVID,0.08755879762929829
45-64,2021-12-03,COVID,0.0885209611387139
45-64,2021-12-04,COVID,0.08770621324327961
45-64,2021-12-05,COVID,0.0878524241607166
45-64,2021-12-06,COVID,0.08767058940611007
45-64,2021-12-07,COVID,0.08733564189541485
45-64,2021-12-08,COVID,0.08629400097751937
45-64,2021-12-09,COVID,0.0860488967030464
45-64,2021-12-10,COVID,0.08781495215275129
45-64,2021-12-11,COVID,0.08847115185699159
45-64,2021-12-12,COVID,0.08856218973780447
45-64,2021-12-13,COVID,0.08851229067240625
45-64,2021-12-14,COVID,0.08942998848062303
45-64,2021-12-15,COVID,0.09064742232607423
45-64,2021-12-16,COVID,0.09197435496213813
45-64,2021-12-17,COVID,0.09324856441237654
45-64,2021-12-18,COVID,0.09489269932580457
45-64,2021-12-19,COVID,0.09686927543566869
45-64,2021-12-20,COVID,0.09899270135526783
45-64,2021-12-21,COVID,0.10133142685658059
45-64,2021-12-22,COVID,0.10726734495071329
45-64,2021-12-23,COVID,0.11463582910822402
45-64,2021-12-24,COVID,0.12352411248591426
45-64,2021-12-25,COVID,0.1087398937136596
45-64,2021-12-26,COVID,0.12201234919945021
45-64,2021-12-27,COVID,0.1402760257791215
45-64,2021-12-28,COVID,0.16184181020727584
45-64,2021-12-29,COVID,0.17995711379571958
45-64,2021-12-30,COVID,0.19760897915436512
45-64,2021-12-31,COVID,0.22398365207468965
45-64,2022-01-01,COVID,0.2737428816092001
45-64,2022-01-02,COVID,0.2868639852466467
45-64,2022-01-03,COVID,0.2959120322898863
45-64,2022-01-04,COVID,0.30586271361529704
45-64,2022-01-05,COVID,0.3134062543580117
45-64,2022-01-06,COVID,0.3185060501764844
45-64,2022-01-07,COVID,0.3077787280162142
45-64,2022-01-08,COVID,0.29923068401919223
45-64,2022-01-09,COVID,0.29935196938413
45-64,2022-01-10,COVID,0.29863867273432637
45-64,2022-01-11,COVID,0.2956665816854063
45-64,2022-01-12,COVID,0.2918942609325774
45-64,2022-01-13,COVID,0.2905689830530069
45-64,2022-01-14,COVID,0.2887177021584836
45-64,2022-01-15,COVID,0.28670976452761776
45-64,2022-01-16,COVID,0.28739079653233873
45-64,2022-01-17,COVID,0.2892621459323487
45-64,2022-01-18,COVID,0.29281947209797293
45-64,2022-01-19,COVID,0.29604867502620286
45-64,2022-01-20,COVID,0.2978993518666737
45-64,2022-01-21,COVID,0.30152300273392635
45-64,2022-01-22,COVID,0.30366769776714236
45-64,2022-01-23,COVID,0.30336089844142083
45-64,2022-01-24,COVID,0.3011586860713192
45-64,2022-01-25,COVID,0.29446570138083833
45-64,2022-01-26,COVID,0.2869009233999446
45-64,2022-01-27,COVID,0.2818892844300974
45-64,2022-01-28,COVID,0.276859176331862
45-64,2022-01-29,COVID,0.2725007565906549
45-64,2022-01-30,COVID,0.2637592861278071
45-64,2022-01-31,COVID,0.25515362424063415
45-64,2022-02-01,COVID,0.24935627687585935
45-64,2022-02-02,COVID,0.24463347541873595
45-64,2022-02-03,COVID,0.23496588361677967
45-64,2022-02-04,COVID,0.22715434969216863
45-64,2022-02-05,COVID,0.22038169030912694
45-64,2022-02-06,COVID,0.21523860075552254
45-64,2022-02-07,COVID,0.20822215119781598
45-64,2022-02-08,COVID,0.19776623459755366
45-64,2022-02-09,COVID,0.1870964248692609
45-64,2022-02-10,COVID,0.1802722767095057
45-64,2022-02-11,COVID,0.17228731721903096
45-64,2022-02-12,COVID,0.16212947765872096
45-64,2022-02-13,COVID,0.15145220420916278
45-64,2022-02-14,COVID,0.14122359484201535
45-64,2022-02-15,COVID,0.13250679821803402
45-64,2022-02-16,COVID,0.12536134681426256
45-64,2022-02-17,COVID,0.11746687895926292
45-64,2022-02-18,COVID,0.10897372609962343
45-64,2022-02-19,COVID,0.10306661621239624
45-64,2022-02-20,COVID,0.09940604518137
45-64,2022-02-21,COVID,0.09663561481708685
45-64,2022-02-22,COVID,0.09019242262036509
45-64,2022-02-23,COVID,0.086518291061228
45-64,2022-02-24,COVID,0.08199198536929404
45-64,2022-02-25,COVID,0.07851549591010273
45-64,2022-02-26,COVID,0.07517888936234954
45-64,2022-02-27,COVID,0.07231852796566964
45-64,2022-02-28,COVID,0.06646502160469113
45-64,2022-03-01,COVID,0.06423090703505024
45-64,2022-03-02,COVID,0.06145387842433978
45-64,2022-03-03,COVID,0.05817509093862724
45-64,2022-03-04,COVID,0.05624710933093386
45-64,2022-03-05,COVID,0.053033499908114165
45-64,2022-03-06,COVID,0.05069816005995218
45-64,2022-03-07,COVID,0.049634131425474196
45-64,2022-03-08,COVID,0.048261197645528046
45-64,2022-03-09,COVID,0.0459737032024831
45-64,2022-03-10,COVID,0.044692413888418166
45-64,2022-03-11,COVID,0.04344416790476073
45-64,2022-03-12,COVID,0.040526310256695446
45-64,2022-03-13,COVID,0.03943737363753764
45-64,2022-03-14,COVID,0.03846777255401662
45-64,2022-03-15,COVID,0.03701863667639433
45-64,2022-03-16,COVID,0.037494859041800645
45-64,2022-03-17,COVID,0.03714629265569238
45-64,2022-03-18,COVID,0.036746871857322824
45-64,2022-03-19,COVID,0.038343224344623277
45-64,2022-03-20,COVID,0.03883590521466264
45-64,2022-03-21,COVID,0.03999777519939724
45-64,2022-03-22,COVID,0.041108324650560975
45-64,2022-03-23,COVID,0.042765169758629595
45-64,2022-03-24,COVID,0.04436414971317341
45-64,2022-03-25,COVID,0.04794015237174487
45-64,2022-03-26,COVID,0.050512391523562336
45-64,2022-03-27,COVID,0.052498969938712184
45-64,2022-03-28,COVID,0.0544805613948783
45-64,2022-03-29,COVID,0.05666094872473841
45-64,2022-03-30,COVID,0.05809122987960511
45-64,2022-03-31,COVID,0.06054854131578978
45-64,2022-04-01,COVID,0.05996219826020616
45-64,2022-04-02,COVID,0.06433881986951048
45-64,2022-04-03,COVID,0.06794639606259975
45-64,2022-04-04,COVID,0.07222534426434042
45-64,2022-04-05,COVID,0.07602109796897336
45-64,2022-04-06,COVID,0.08082384234946931
45-64,2022-04-07,COVID,0.08342319907834007
45-64,2022-04-08,COVID,0.08918492450645572
45-64,2022-04-09,COVID,0.09110195403613285
45-64,2022-04-10,COVID,0.09560992622066801
45-64,2022-04-11,COVID,0.09743539720337904
45-64,2022-04-12,COVID,0.10106551321739599
45-64,2022-04-13,COVID,0.10273004329403439
45-64,2022-04-14,COVID,0.10968201317853403
45-64,2022-04-15,COVID,0.11383763250988509
45-64,2022-04-16,COVID,0.11774917203159088
45-64,2022-04-17,COVID,0.11980978367021176
45-64,2022-04-18,COVID,0.1279392061512191
45-64,2022-04-19,COVID,0.1320239881223984
45-64,2022-04-20,COVID,0.13741290831177191
45-64,2022-04-21,COVID,0.1377614621526753
45-64,2022-04-22,COVID,0.1398148740387638
45-64,2022-04-23,COVID,0.1461432967491043
45-64,2022-04-24,COVID,0.1539554720551746
45-64,2022-04-25,COVID,0.15553403815155353
45-64,2022-04-26,COVID,0.16055281798352578
45-64,2022-04-27,COVID,0.1627101046160269
45-64,2022-04-28,COVID,0.16739881093951875
45-64,2022-04-29,COVID,0.17070149824354458
45-64,2022-04-30,COVID,0.17175190469776863
45-64,2022-05-01,COVID,0.1754813226246126
45-64,2022-05-02,COVID,0.18124139930677693
45-64,2022-05-03,COVID,0.18555639993534573
45-64,2022-05-04,COVID,0.18808928920632728
45-64,2022-05-05,COVID,0.19311487339815434
45-64,2022-05-06,COVID,0.19739151637394792
45-64,2022-05-07,COVID,0.20304062565748993
45-64,2022-05-08,COVID,0.20955390152622425
45-64,2022-05-09,COVID,0.21433553189674187
45-64,2022-05-10,COVID,0.21729075466259404
45-64,2022-05-11,COVID,0.22066169028257912
45-64,2022-05-12,COVID,0.22246428521451808
45-64,2022-05-13,COVID,0.22695539337100765
45-64,2022-05-14,COVID,0.23057025872661122
45-64,2022-05-15,COVID,0.23595285339664046
45-64,2022-05-16,COVID,0.24133955034519694
45-64,2022-05-17,COVID,0.2437361547440858
45-64,2022-05-18,COVID,0.2500652103064543
45-64,2022-05-19,COVID,0.25713388110283475
45-64,2022-05-20,COVID,0.26154364986721995
45-64,2022-05-21,COVID,0.264535857428462
45-64,2022-05-22,COVID,0.26408278869921564
45-64,2022-05-23,COVID,0.2644811590002797
45-64,2022-05-24,COVID,0.26950856214401425
45-64,2022-05-25,COVID,0.27106331127332706
45-64,2022-05-26,COVID,0.2716987903556583
45-64,2022-05-27,COVID,0.2742540941709636
45-64,2022-05-28,COVID,0.274869861151452
45-64,2022-05-29,COVID,0.27540358259002723
45-64,2022-05-30,COVID,0.25953815590119067
45-64,2022-05-31,COVID,0.2643815355454215
45-64,2022-06-01,COVID,0.2697336379334672
45-64,2022-06-02,COVID,0.2711626670669221
45-64,2022-06-03,COVID,0.2706340436797821
45-64,2022-06-04,COVID,0.2696686754929275
45-64,2022-06-05,COVID,0.270804129704527
45-64,2022-06-06,COVID,0.2912993254187465
45-64,2022-06-07,COVID,0.2895374318397307
45-64,2022-06-08,COVID,0.2847757745944052
45-64,2022-06-09,COVID,0.28257282421622615
45-64,2022-06-10,COVID,0.2840490740729753
45-64,2022-06-11,COVID,0.28361792135915664
45-64,2022-06-12,COVID,0.28514630532474633
45-64,2022-06-13,COVID,0.28229026267075474
45-64,2022-06-14,COVID,0.28143783428236036
45-64,2022-06-15,COVID,0.284248208887934
45-64,2022-06-16,COVID,0.2859961945827742
45-64,2022-06-17,COVID,0.28776144869793513
45-64,2022-06-18,COVID,0.29249439683603795
45-64,2022-06-19,COVID,0.2984449231752541
45-64,2022-06-20,COVID,0.3076960078515895
45-64,2022-06-21,COVID,0.30957236868393456
45-64,2022-06-22,COVID,0.3138776091414464
45-64,2022-06-23,COVID,0.3162932109216691
<18,2021-11-02,COVID,0.28513926749857926
<18,2021-11-03,COVID,0.2535879412436686
<18,2021-11-04,COVID,0.21400307866933072
<18,2021-11-05,COVID,0.17564438636343965
<18,2021-11-06,COVID,0.14706161657015296
<18,2021-11-07,COVID,0.11991243128435124
<18,2021-11-08,COVID,0.0923375666132916
<18,2021-11-09,COVID,0.09252353239845026
<18,2021-11-10,COVID,0.09158744017868135
<18,2021-11-11,COVID,0.09225556124000335
<18,2021-11-12,COVID,0.0946749319281799
<18,2021-11-13,COVID,0.09599670786544535
<18,2021-11-14,COVID,0.09411002632099341
<18,2021-11-15,COVID,0.09272073492104362
<18,2021-11-16,COVID,0.09221252961309112
<18,2021-11-17,COVID,0.09082666263018617
<18,2021-11-18,COVID,0.08822073418808185
<18,2021-11-19,COVID,0.08471642876098748
<18,2021-11-20,COVID,0.07931786060492307
<18,2021-11-21,COVID,0.07544318381226321
<18,2021-11-22,COVID,0.07618870468843439
<18,2021-11-23,COVID,0.0799023518405638
<18,2021-11-24,COVID,0.08334535991406707
<18,2021-11-25,COVID,0.07629303616060577
<18,2021-11-26,COVID,0.08160230898569298
<18,2021-11-27,COVID,0.08864386907614374
<18,2021-11-28,COVID,0.09513760381482382
<18,2021-11-29,COVID,0.09840843270318596
<18,2021-11-30,COVID,0.09867962069409882
<18,2021-12-01,COVID,0.10142321408723208
<18,2021-12-02,COVID,0.11462536323740817
<18,2021-12-03,COVID,0.11400917682503507
<18,2021-12-04,COVID,0.11173020863427337
<18,2021-12-05,COVID,0.1109953607146338
<18,2021-12-06,COVID,0.10945272511560673
<18,2021-12-07,COVID,0.10796918128186198
<18,2021-12-08,COVID,0.1044730389092415
<18,2021-12-09,COVID,0.10037990701472214
<18,2021-12-10,COVID,0.0973735019758185
<18,2021-12-11,COVID,0.09657011747878112
<18,2021-12-12,COVID,0.09211836867473035
<18,2021-12-13,COVID,0.09000669379623298
<18,2021-12-14,COVID,0.08890298928431092
<18,2021-12-15,COVID,0.08650371060272023
<18,2021-12-16,COVID,0.08568732663969678
<18,2021-12-17,COVID,0.08332664869342936
<18,2021-12-18,COVID,0.08244855179490562
<18,2021-12-19,COVID,0.08648724814129427
<18,2021-12-20,COVID,0.08978005420761269
<18,2021-12-21,COVID,0.09363807106972079
<18,2021-12-22,COVID,0.10293212024370803
<18,2021-12-23,COVID,0.10954713093933166
<18,2021-12-24,COVID,0.11880985403184197
<18,2021-12-26,COVID,0.13049858956709132
<18,2021-12-27,COVID,0.1480424492162141
<18,2021-12-28,COVID,0.16612026304068786
<18,2021-12-29,COVID,0.18581086158449636
<18,2021-12-30,COVID,0.20134804841746629
<18,2021-12-31,COVID,0.2301583360781755
<18,2022-01-01,COVID,0.24016291483275426
<18,2022-01-02,COVID,0.2525422931387217
<18,2022-01-03,COVID,0.26576599165441733
<18,2022-01-04,COVID,0.2776194629603879
<18,2022-01-05,COVID,0.2896958273046005
<18,2022-01-06,COVID,0.3014846897594814
<18,2022-01-07,COVID,0.2986901854804119
<18,2022-01-08,COVID,0.3102829996371678
<18,2022-01-09,COVID,0.31589498320315934
<18,2022-01-10,COVID,0.32146347983214796
<18,2022-01-11,COVID,0.32326312065318374
<18,2022-01-12,COVID,0.3228084962796535
<18,2022-01-13,COVID,0.3216905969741757
<18,2022-01-14,COVID,0.32523846786027033
<18,2022-01-15,COVID,0.3312549025627632
<18,2022-01-16,COVID,0.3414885666936081
<18,2022-01-17,COVID,0.3493399956364652
<18,2022-01-18,COVID,0.36118071950082714
<18,2022-01-19,COVID,0.37353450969105995
<18,2022-01-20,COVID,0.3838109370368442
<18,2022-01-21,COVID,0.39159191393464826
<18,2022-01-22,COVID,0.3970061455847694
<18,2022-01-23,COVID,0.3987855866596034
<18,2022-01-24,COVID,0.39403894659001043
<18,2022-01-25,COVID,0.38852289994321204
<18,2022-01-26,COVID,0.3749685282332265
<18,2022-01-27,COVID,0.36487832829053374
<18,2022-01-28,COVID,0.35428272910794717
<18,2022-01-29,COVID,0.3465292113252634
<18,2022-01-30,COVID,0.3357844557295593
<18,2022-01-31,COVID,0.328492853356522
<18,2022-02-01,COVID,0.31672272410812774
<18,2022-02-02,COVID,0.3075927462842616
<18,2022-02-03,COVID,0.29376040142823584
<18,2022-02-04,COVID,0.28593427804145444
<18,2022-02-05,COVID,0.2785962531501433
<18,2022-02-06,COVID,0.2703348891638206
<18,2022-02-07,COVID,0.25736308340409964
<18,2022-02-08,COVID,0.24447292909964122
<18,2022-02-09,COVID,0.234459489590519
<18,2022-02-10,COVID,0.2250079853956588
<18,2022-02-11,COVID,0.2161706175563409
<18,2022-02-12,COVID,0.205250771959436
<18,2022-02-13,COVID,0.19234037939388518
<18,2022-02-14,COVID,0.1763532370004421
<18,2022-02-15,COVID,0.16313976297446806
<18,2022-02-16,COVID,0.15014643328152852
<18,2022-02-17,COVID,0.13978793617274318
<18,2022-02-18,COVID,0.12436907974662471
<18,2022-02-19,COVID,0.11096898326187002
<18,2022-02-20,COVID,0.1068241063394908
<18,2022-02-21,COVID,0.10375341611693226
<18,2022-02-22,COVID,0.10084855038829177
<18,2022-02-23,COVID,0.0980671346209605
<18,2022-02-24,COVID,0.09763779201793628
<18,2022-02-25,COVID,0.09576453921916975
<18,2022-02-26,COVID,0.09233111489402566
<18,2022-02-27,COVID,0.08525044531125313
<18,2022-02-28,COVID,0.07926589754494621
<18,2022-03-01,COVID,0.0718051033198798
<18,2022-03-02,COVID,0.06749019195387354
<18,2022-03-03,COVID,0.06328461921930205
<18,2022-03-04,COVID,0.06014921612189287
<18,2022-03-05,COVID,0.0607631476449153
<18,2022-03-06,COVID,0.055406004787772446
<18,2022-03-07,COVID,0.052526812711592076
<18,2022-03-08,COVID,0.049373144456369526
<18,2022-03-09,COVID,0.0455747911915731
<18,2022-03-10,COVID,0.041631069922761485
<18,2022-03-11,COVID,0.037981148415697115
<18,2022-03-12,COVID,0.02936447622806352
<18,2022-03-13,COVID,0.028111151007325468
<18,2022-03-14,COVID,0.026498537970791165
<18,2022-03-15,COVID,0.027515701677556126
<18,2022-03-16,COVID,0.027616505249168782
<18,2022-03-17,COVID,0.02900023219371839
<18,2022-03-18,COVID,0.03165404096997614
<18,2022-03-19,COVID,0.03429205896649386
<18,2022-03-20,COVID,0.035141664486355174
<18,2022-03-21,COVID,0.036620980311899434
<18,2022-03-22,COVID,0.03806888942478317
<18,2022-03-23,COVID,0.04149900065131511
<18,2022-03-24,COVID,0.04388762733486524
<18,2022-03-25,COVID,0.04452814328150363
<18,2022-03-26,COVID,0.04500024223344396
<18,2022-03-27,COVID,0.04824197213840233
<18,2022-03-28,COVID,0.05042070232715806
<18,2022-03-29,COVID,0.052349680554576304
<18,2022-03-30,COVID,0.050778863966026745
<18,2022-03-31,COVID,0.04917022050864379
<18,2022-04-01,COVID,0.05035500907315108
<18,2022-04-02,COVID,0.050566385697633665
<18,2022-04-03,COVID,0.056602905568739995
<18,2022-04-04,COVID,0.059959921962936494
<18,2022-04-05,COVID,0.060270387114651734
<18,2022-04-06,COVID,0.06395904871552635
<18,2022-04-07,COVID,0.06751121529198532
<18,2022-04-08,COVID,0.07064084546238195
<18,2022-04-09,COVID,0.07714236905174834
<18,2022-04-10,COVID,0.07316096194378581
<18,2022-04-11,COVID,0.07194891543406888
<18,2022-04-12,COVID,0.07402141712295848
<18,2022-04-13,COVID,0.07648498925247853
<18,2022-04-14,COVID,0.08006788052081351
<18,2022-04-15,COVID,0.08378988600309183
<18,2022-04-16,COVID,0.08715233375788768
<18,2022-04-17,COVID,0.08759155206050354
<18,2022-04-18,COVID,0.09673216523402826
<18,2022-04-19,COVID,0.10169442149354176
<18,2022-04-20,COVID,0.10669169118069173
<18,2022-04-21,COVID,0.10897210322755813
<18,2022-04-22,COVID,0.11323414037206911
<18,2022-04-23,COVID,0.12543436930084992
<18,2022-04-24,COVID,0.13727011809312045
<18,2022-04-25,COVID,0.14051002561015646
<18,2022-04-26,COVID,0.145250855826606
<18,2022-04-27,COVID,0.1527245649132183
<18,2022-04-28,COVID,0.15670171812584552
<18,2022-04-29,COVID,0.16354224261015998
<18,2022-04-30,COVID,0.1688693734625009
<18,2022-05-01,COVID,0.18081589866709663
<18,2022-05-02,COVID,0.18129502020333113
<18,2022-05-03,COVID,0.1868511642231335
<18,2022-05-04,COVID,0.18540437395413772
<18,2022-05-05,COVID,0.19075055572431787
<18,2022-05-06,COVID,0.19608281292098187
<18,2022-05-07,COVID,0.19642691607948665
<18,2022-05-08,COVID,0.19477210003097384
<18,2022-05-09,COVID,0.2025684209647284
<18,2022-05-10,COVID,0.21026013768178436
<18,2022-05-11,COVID,0.21333408363513576
<18,2022-05-12,COVID,0.21697444735301552
<18,2022-05-13,COVID,0.2182950350676553
<18,2022-05-14,COVID,0.2181350964840714
<18,2022-05-15,COVID,0.21866990476234058
<18,2022-05-16,COVID,0.21862050943025255
<18,2022-05-17,COVID,0.21690965959395303
<18,2022-05-18,COVID,0.22093455794874828
<18,2022-05-19,COVID,0.22074491286821246
<18,2022-05-20,COVID,0.21873120926836023
<18,2022-05-21,COVID,0.21455255699010115
<18,2022-05-22,COVID,0.2061659588366149
<18,2022-05-23,COVID,0.20654572275805563
<18,2022-05-24,COVID,0.203962922676602
<18,2022-05-25,COVID,0.19624988950231417
<18,2022-05-26,COVID,0.1907788383908176
<18,2022-05-27,COVID,0.18002717976887372
<18,2022-05-28,COVID,0.16978933519503878
<18,2022-05-29,COVID,0.17004327409483427
<18,2022-05-30,COVID,0.1747746975708837
<18,2022-05-31,COVID,0.17439679288554352
<18,2022-06-01,COVID,0.1753943193443246
<18,2022-06-02,COVID,0.17525244941598414
<18,2022-06-03,COVID,0.17719847705597255
<18,2022-06-04,COVID,0.17763274043671304
<18,2022-06-05,COVID,0.17704179068767695
<18,2022-06-06,COVID,0.16656804800752859
<18,2022-06-07,COVID,0.1588146013800609
<18,2022-06-08,COVID,0.15263382908950343
<18,2022-06-09,COVID,0.1471757809094745
<18,2022-06-10,COVID,0.1454951775318716
<18,2022-06-11,COVID,0.14440682310897662
<18,2022-06-12,COVID,0.13868701380024104
<18,2022-06-13,COVID,0.13849288780035038
<18,2022-06-14,COVID,0.13964441873400552
<18,2022-06-15,COVID,0.14236568756505952
<18,2022-06-16,COVID,0.1433205260104904
<18,2022-06-17,COVID,0.1429470812242053
<18,2022-06-18,COVID,0.14390905936947607
<18,2022-06-19,COVID,0.14968835469639627
<18,2022-06-20,COVID,0.15056786358807553
<18,2022-06-21,COVID,0.15168877931939626
<18,2022-06-22,COVID,0.14859007775272812
<18,2022-06-23,COVID,0.14601276132521732
>=65,2021-11-02,COVID,0.13701979171727377
>=65,2021-11-03,COVID,0.1237080166703433
>=65,2021-11-04,COVID,0.10627008496687092
>=65,2021-11-05,COVID,0.08875453173703196
>=65,2021-11-06,COVID,0.07420809543784987
>=65,2021-11-07,COVID,0.06583604669273403
>=65,2021-11-08,COVID,0.061175109468573574
>=65,2021-11-09,COVID,0.06129331695691372
>=65,2021-11-10,COVID,0.06196147752160619
>=65,2021-11-11,COVID,0.06298084183394045
>=65,2021-11-12,COVID,0.06203557459482471
>=65,2021-11-13,COVID,0.06512693866903839
>=65,2021-11-14,COVID,0.06658024531084793
>=65,2021-11-15,COVID,0.0681455302374101
>=65,2021-11-16,COVID,0.06902542062597376
>=65,2021-11-17,COVID,0.06932377109664153
>=65,2021-11-18,COVID,0.0702649298920883
>=65,2021-11-19,COVID,0.06972010974069784
>=65,2021-11-20,COVID,0.06821817860226818
>=65,2021-11-21,COVID,0.06695261068039844
>=65,2021-11-22,COVID,0.06623762596934676
>=65,2021-11-23,COVID,0.06482905988441075
>=65,2021-11-24,COVID,0.06690229383631166
>=65,2021-11-25,COVID,0.08742917823754161
>=65,2021-11-26,COVID,0.0860914559391178
>=65,2021-11-27,COVID,0.08716084326571123
>=65,2021-11-28,COVID,0.0864226783354929
>=65,2021-11-29,COVID,0.08507757492383483
>=65,2021-11-30,COVID,0.08623561340018138
>=65,2021-12-01,COVID,0.08364263323956155
>=65,2021-12-02,COVID,0.061454123617423605
>=65,2021-12-03,COVID,0.06130705104575707
>=65,2021-12-04,COVID,0.059924266736295015
>=65,2021-12-05,COVID,0.05972558627426295
>=65,2021-12-06,COVID,0.06126659136782499
>=65,2021-12-07,COVID,0.06029016686747587
>=65,2021-12-08,COVID,0.060942443995427094
>=65,2021-12-09,COVID,0.05989580323327431
>=65,2021-12-10,COVID,0.06107759831680349
>=65,2021-12-11,COVID,0.060765348721881385
>=65,2021-12-12,COVID,0.0604768582461722
>=65,2021-12-13,COVID,0.05955237500614962
>=65,2021-12-14,COVID,0.060742865430779926
>=65,2021-12-15,COVID,0.06189262819307585
>=65,2021-12-16,COVID,0.06275326911798627
>=65,2021-12-17,COVID,0.06421971364531352
>=65,2021-12-18,COVID,0.06411452061610493
>=65,2021-12-19,COVID,0.06698850023258562
>=65,2021-12-20,COVID,0.0668584631230015
>=65,2021-12-21,COVID,0.06624787147953459
>=65,2021-12-22,COVID,0.06740945379714479
>=65,2021-12-23,COVID,0.07174867896737083
>=65,2021-12-24,COVID,0.07847122985633716
>=65,2021-12-26,COVID,0.08653477377124898
>=65,2021-12-27,COVID,0.0993143600906851
>=65,2021-12-28,COVID,0.11741392896303836
>=65,2021-12-29,COVID,0.1297251459562208
>=65,2021-12-30,COVID,0.15155518082338185
>=65,2021-12-31,COVID,0.17528682967986842
>=65,2022-01-01,COVID,0.18772922599323247
>=65,2022-01-02,COVID,0.20159311930822962
>=65,2022-01-03,COVID,0.2145860209187858
>=65,2022-01-04,COVID,0.22777635901228552
>=65,2022-01-05,COVID,0.2406328453301323
>=65,2022-01-06,COVID,0.24866591646267056
>=65,2022-01-07,COVID,0.24469708883414282
>=65,2022-01-08,COVID,0.2515050294016742
>=65,2022-01-09,COVID,0.25150990940245493
>=65,2022-01-10,COVID,0.2547420229717336
>=65,2022-01-11,COVID,0.2584285638941826
>=65,2022-01-12,COVID,0.2565320076320696
>=65,2022-01-13,COVID,0.25920080345320934
>=65,2022-01-14,COVID,0.26233840209428605
>=65,2022-01-15,COVID,0.2640592461749423
>=65,2022-01-16,COVID,0.2642115459008028
>=65,2022-01-17,COVID,0.26564537293005414
>=65,2022-01-18,COVID,0.27040185056818716
>=65,2022-01-19,COVID,0.2779236273034308
>=65,2022-01-20,COVID,0.2775789991872389
>=65,2022-01-21,COVID,0.2770993668877141
>=65,2022-01-22,COVID,0.2824034352654631
>=65,2022-01-23,COVID,0.2856873639520337
>=65,2022-01-24,COVID,0.28556259696344805
>=65,2022-01-25,COVID,0.28194275292881243
>=65,2022-01-26,COVID,0.27509236009266697
>=65,2022-01-27,COVID,0.27423553164007874
>=65,2022-01-28,COVID,0.2736095895793536
>=65,2022-01-29,COVID,0.2711593177549117
>=65,2022-01-30,COVID,0.26785545360894186
>=65,2022-01-31,COVID,0.2635667741290294
>=65,2022-02-01,COVID,0.2595481350516535
>=65,2022-02-02,COVID,0.2562873227312427
>=65,2022-02-03,COVID,0.24984770773262385
>=65,2022-02-04,COVID,0.24472281586006292
>=65,2022-02-05,COVID,0.23999961412548151
>=65,2022-02-06,COVID,0.23862651775188115
>=65,2022-02-07,COVID,0.231923450051371
>=65,2022-02-08,COVID,0.22525435390321089
>=65,2022-02-09,COVID,0.21665916150492434
>=65,2022-02-10,COVID,0.2085465526471428
>=65,2022-02-11,COVID,0.20311190248196467
>=65,2022-02-12,COVID,0.19373622522833103
>=65,2022-02-13,COVID,0.1858801474234792
>=65,2022-02-14,COVID,0.17938489437313784
>=65,2022-02-15,COVID,0.17157987321227314
>=65,2022-02-16,COVID,0.1666781838742644
>=65,2022-02-17,COVID,0.15888995825145194
>=65,2022-02-18,COVID,0.1491075146659062
>=65,2022-02-19,COVID,0.1439791318806732
>=65,2022-02-20,COVID,0.1394989628839459
>=65,2022-02-21,COVID,0.13366116677259357
>=65,2022-02-22,COVID,0.12387661878306196
>=65,2022-02-23,COVID,0.11897582824960319
>=65,2022-02-24,COVID,0.11165457702133759
>=65,2022-02-25,COVID,0.10694903284566082
>=65,2022-02-26,COVID,0.09803570586676769
>=65,2022-02-27,COVID,0.0898997373014144
>=65,2022-02-28,COVID,0.08663526193036117
>=65,2022-03-01,COVID,0.08067305274120788
>=65,2022-03-02,COVID,0.07818362388282128
>=65,2022-03-03,COVID,0.07670105434932076
>=65,2022-03-04,COVID,0.07551005099727805
>=65,2022-03-05,COVID,0.07421187708500294
>=65,2022-03-06,COVID,0.07482485914918177
>=65,2022-03-07,COVID,0.0707988214157684
>=65,2022-03-08,COVID,0.07148285601255946
>=65,2022-03-09,COVID,0.06755464278359777
>=65,2022-03-10,COVID,0.0643930551688618
>=65,2022-03-11,COVID,0.06149389154548019
>=65,2022-03-12,COVID,0.05895453950984242
>=65,2022-03-13,COVID,0.05628220530221376
>=65,2022-03-14,COVID,0.05645131128527323
>=65,2022-03-15,COVID,0.05406293305785507
>=65,2022-03-16,COVID,0.05267199853590645
>=65,2022-03-17,COVID,0.05222194722867425
>=65,2022-03-18,COVID,0.05151643159655715
>=65,2022-03-19,COVID,0.0522800323222072
>=65,2022-03-20,COVID,0.05430708211566108
>=65,2022-03-21,COVID,0.05341261622119518
>=65,2022-03-22,COVID,0.052126055085112845
>=65,2022-03-23,COVID,0.053518841344465655
>=65,2022-03-24,COVID,0.0550277886051826
>=65,2022-03-25,COVID,0.054983385574112406
>=65,2022-03-26,COVID,0.053353678135581444
>=65,2022-03-27,COVID,0.05138201545207171
>=65,2022-03-28,COVID,0.05153039364392816
>=65,2022-03-29,COVID,0.05217257191261555
>=65,2022-03-30,COVID,0.053905445099103166
>=65,2022-03-31,COVID,0.053618343420057654
>=65,2022-04-01,COVID,0.05643379293004597
>=65,2022-04-02,COVID,0.06245353621830777
>=65,2022-04-03,COVID,0.06914461741433946
>=65,2022-04-04,COVID,0.07686797588536609
>=65,2022-04-05,COVID,0.08023759932461565
>=65,2022-04-06,COVID,0.08449426028195493
>=65,2022-04-07,COVID,0.09068401039346588
>=65,2022-04-08,COVID,0.0943415282890189
>=65,2022-04-09,COVID,0.09835485378382589
>=65,2022-04-10,COVID,0.09985898345696965
>=65,2022-04-11,COVID,0.10447171884377601
>=65,2022-04-12,COVID,0.11043837660473299
>=65,2022-04-13,COVID,0.11492915269671755
>=65,2022-04-14,COVID,0.11692092545576994
>=65,2022-04-15,COVID,0.12191988303748355
>=65,2022-04-16,COVID,0.12420559732319782
>=65,2022-04-17,COVID,0.11506743501602143
>=65,2022-04-18,COVID,0.11565979756490573
>=65,2022-04-19,COVID,0.12017275486030256
>=65,2022-04-20,COVID,0.12090234572958118
>=65,2022-04-21,COVID,0.12409213839305806
>=65,2022-04-22,COVID,0.12785366941376886
>=65,2022-04-23,COVID,0.13280029082691297
>=65,2022-04-24,COVID,0.15352939959104117
>=65,2022-04-25,COVID,0.15902137713270817
>=65,2022-04-26,COVID,0.1609650771286893
>=65,2022-04-27,COVID,0.16350731201367205
>=65,2022-04-28,COVID,0.16597105410875052
>=65,2022-04-29,COVID,0.16794222111550275
>=65,2022-04-30,COVID,0.16878554095468706
>=65,2022-05-01,COVID,0.1667473716013426
>=65,2022-05-02,COVID,0.1675655660974973
>=65,2022-05-03,COVID,0.16790122950558012
>=65,2022-05-04,COVID,0.1686726386670369
>=65,2022-05-05,COVID,0.17173929889135153
>=65,2022-05-06,COVID,0.17592082839196216
>=65,2022-05-07,COVID,0.18267862955266115
>=65,2022-05-08,COVID,0.18691899381088595
>=65,2022-05-09,COVID,0.19228238547507473
>=65,2022-05-10,COVID,0.19949225866130935
>=65,2022-05-11,COVID,0.20227890272736895
>=65,2022-05-12,COVID,0.20736863907689496
>=65,2022-05-13,COVID,0.20560834150622467
>=65,2022-05-14,COVID,0.20522047531805548
>=65,2022-05-15,COVID,0.2106467952510913
>=65,2022-05-16,COVID,0.2130737657018144
>=65,2022-05-17,COVID,0.21411745135111926
>=65,2022-05-18,COVID,0.22214681671065759
>=65,2022-05-19,COVID,0.2275110111689287
>=65,2022-05-20,COVID,0.2348220265376526
>=65,2022-05-21,COVID,0.23971591375365464
>=65,2022-05-22,COVID,0.24264708304102875
>=65,2022-05-23,COVID,0.24511138174951022
>=65,2022-05-24,COVID,0.2495506800523905
>=65,2022-05-25,COVID,0.25303107926080204
>=65,2022-05-26,COVID,0.25398632829058526
>=65,2022-05-27,COVID,0.2585930117282915
>=65,2022-05-28,COVID,0.2615392482874313
>=65,2022-05-29,COVID,0.2589264528240102
>=65,2022-05-30,COVID,0.2879301055612658
>=65,2022-05-31,COVID,0.2914566120174394
>=65,2022-06-01,COVID,0.2893831649577888
>=65,2022-06-02,COVID,0.28863066369377866
>=65,2022-06-03,COVID,0.28991510570476625
>=65,2022-06-04,COVID,0.28722834521155416
>=65,2022-06-05,COVID,0.29279135439298437
>=65,2022-06-06,COVID,0.2674114795282339
>=65,2022-06-07,COVID,0.26907401747679105
>=65,2022-06-08,COVID,0.27005664359267945
>=65,2022-06-09,COVID,0.2687556200386037
>=65,2022-06-10,COVID,0.26826112922822215
>=65,2022-06-11,COVID,0.27171111070578063
>=65,2022-06-12,COVID,0.27676375592117686
>=65,2022-06-13,COVID,0.27881728985523063
>=65,2022-06-14,COVID,0.2811989551582443
>=65,2022-06-15,COVID,0.2817669588695061
>=65,2022-06-16,COVID,0.2851735235895742
>=65,2022-06-17,COVID,0.28496617101981836
>=65,2022-06-18,COVID,0.290654384744694
>=65,2022-06-19,COVID,0.2956234333109752
>=65,2022-06-20,COVID,0.3048885408439042
>=65,2022-06-21,COVID,0.3046025719371051
>=65,2022-06-22,COVID,0.3104657346394453
>=65,2022-06-23,COVID,0.3103466323514535
18-24,2021-11-02,FluA,
18-24,2021-11-03,FluA,
18-24,2021-11-04,FluA,
18-24,2021-11-05,FluA,
18-24,2021-11-06,FluA,
18-24,2021-11-07,FluA,
18-24,2021-11-08,FluA,0.018340868345957047
18-24,2021-11-09,FluA,0.017981855145852352
18-24,2021-11-10,FluA,0.01669943934716528
18-24,2021-11-11,FluA,0.0147361009614131
18-24,2021-11-12,FluA,0.013792616709156182
18-24,2021-11-13,FluA,0.013503694625765303
18-24,2021-11-14,FluA,0.012675122456156719
18-24,2021-11-15,FluA,0.012473998981995216
18-24,2021-11-16,FluA,0.012282642551940776
18-24,2021-11-17,FluA,0.013014922957466207
18-24,2021-11-18,FluA,0.013682576690792161
18-24,2021-11-19,FluA,0.014289999426570258
18-24,2021-11-20,FluA,0.015063557170666469
18-24,2021-11-21,FluA,0.017114514916402125
18-24,2021-11-22,FluA,0.01796922982660224
18-24,2021-11-23,FluA,0.019638330912571483
18-24,2021-11-24,FluA,0.02112570635285151
18-24,2021-11-25,FluA,0.02171976420070975
18-24,2021-11-26,FluA,0.021880498190301138
18-24,2021-11-27,FluA,0.021812684827964786
18-24,2021-11-28,FluA,0.02188337939408887
18-24,2021-11-29,FluA,0.022450577264844857
18-24,2021-11-30,FluA,0.02242648250155819
18-24,2021-12-01,FluA,0.022039638749771263
18-24,2021-12-02,FluA,0.022046312056378
18-24,2021-12-03,FluA,0.022773177557738063
18-24,2021-12-04,FluA,0.023688773232387612
18-24,2021-12-05,FluA,0.02212232338512313
18-24,2021-12-06,FluA,0.022325633466182358
18-24,2021-12-07,FluA,0.022572663845663064
18-24,2021-12-08,FluA,0.021442459707319925
18-24,2021-12-09,FluA,0.021455642444396485
18-24,2021-12-10,FluA,0.02045887308028018
18-24,2021-12-11,FluA,0.019723233949050113
18-24,2021-12-12,FluA,0.020378298199836664
18-24,2021-12-13,FluA,0.019548349548238964
18-24,2021-12-14,FluA,0.01896058888160012
18-24,2021-12-15,FluA,0.018570842767153893
18-24,2021-12-16,FluA,0.01847694829752753
18-24,2021-12-17,FluA,0.018288538035369402
18-24,2021-12-18,FluA,0.018080584472304182
18-24,2021-12-19,FluA,0.01820279519234099
18-24,2021-12-20,FluA,0.01763513356389295
18-24,2021-12-21,FluA,0.016422636941091424
18-24,2021-12-22,FluA,0.015805899572981306
18-24,2021-12-23,FluA,0.014585460476371725
18-24,2021-12-24,FluA,0.013690043520109082
18-24,2021-12-25,FluA,0.011245719783009677
18-24,2021-12-26,FluA,0.009429669061197455
18-24,2021-12-27,FluA,0.009038345286338857
18-24,2021-12-28,FluA,0.008037679445185767
18-24,2021-12-29,FluA,0.007358092956286639
18-24,2021-12-30,FluA,0.006513005854297012
18-24,2021-12-31,FluA,0.006266858992612133
18-24,2022-01-01,FluA,0.00924304946880261
18-24,2022-01-02,FluA,0.008837865682575063
18-24,2022-01-03,FluA,0.007574495132473733
18-24,2022-01-04,FluA,0.00677582788928327
18-24,2022-01-05,FluA,0.006103186747433918
18-24,2022-01-06,FluA,0.005876949794869979
18-24,2022-01-07,FluA,0.0050891199840034556
18-24,2022-01-08,FluA,0.002353632360141779
18-24,2022-01-09,FluA,0.0022591360205947444
18-24,2022-01-10,FluA,0.0022796774467181533
18-24,2022-01-11,FluA,0.0021691894116284863
18-24,2022-01-12,FluA,0.0019491225696445717
18-24,2022-01-13,FluA,0.0017882274087800724
18-24,2022-01-14,FluA,0.00192816704407364
18-24,2022-01-15,FluA,0.0019984288039719684
18-24,2022-01-16,FluA,0.0019549438654892786
18-24,2022-01-17,FluA,0.0018236326717510933
18-24,2022-01-18,FluA,0.0021416727056511545
18-24,2022-01-19,FluA,0.0021452298348210827
18-24,2022-01-20,FluA,0.0022053661781421294
18-24,2022-01-21,FluA,0.002127378131708185
18-24,2022-01-22,FluA,0.001948872622732927
18-24,2022-01-23,FluA,0.0018139174824281044
18-24,2022-01-24,FluA,0.0017375981665983871
18-24,2022-01-25,FluA,0.0014527295675881232
18-24,2022-01-26,FluA,0.0016243721948618118
18-24,2022-01-27,FluA,0.0016664599756071562
18-24,2022-01-28,FluA,0.0020385914496526478
18-24,2022-01-29,FluA,0.0024045871365513103
18-24,2022-01-30,FluA,0.0031993292111788937
18-24,2022-01-31,FluA,0.0034988992709136003
18-24,2022-02-01,FluA,0.003959431975891545
18-24,2022-02-02,FluA,0.004052386562361529
18-24,2022-02-03,FluA,0.004085462847179719
18-24,2022-02-04,FluA,0.0038588561658443837
18-24,2022-02-05,FluA,0.0038538630090518564
18-24,2022-02-06,FluA,0.003917890225396954
18-24,2022-02-07,FluA,0.003840754810444934
18-24,2022-02-08,FluA,0.0036629828520828535
18-24,2022-02-09,FluA,0.004338858553893959
18-24,2022-02-10,FluA,0.004636348013301522
18-24,2022-02-11,FluA,0.004662125650360798
18-24,2022-02-12,FluA,0.005395657882033466
18-24,2022-02-13,FluA,0.0049678550085784185
18-24,2022-02-14,FluA,0.005233447071405504
18-24,2022-02-15,FluA,0.006097153852446136
18-24,2022-02-16,FluA,0.005732672521614504
18-24,2022-02-17,FluA,0.007399815888107861
18-24,2022-02-18,FluA,0.00859011862286036
18-24,2022-02-19,FluA,0.008975053027021705
18-24,2022-02-20,FluA,0.010294699100012262
18-24,2022-02-21,FluA,0.011341711307457267
18-24,2022-02-22,FluA,0.011846063380265165
18-24,2022-02-23,FluA,0.012258876463264411
18-24,2022-02-24,FluA,0.011176812751353054
18-24,2022-02-25,FluA,0.010874428217945303
18-24,2022-02-26,FluA,0.011249386497531346
18-24,2022-02-27,FluA,0.011760569701022239
18-24,2022-02-28,FluA,0.011676243535946085
18-24,2022-03-01,FluA,0.011425361189717547
18-24,2022-03-02,FluA,0.011912542548600672
18-24,2022-03-03,FluA,0.011923258081213296
18-24,2022-03-04,FluA,0.011804700543950839
18-24,2022-03-05,FluA,0.011628215575159608
18-24,2022-03-06,FluA,0.010718847560528436
18-24,2022-03-07,FluA,0.010475466558827985
18-24,2022-03-08,FluA,0.009983402816992617
18-24,2022-03-09,FluA,0.009240612168893861
18-24,2022-03-10,FluA,0.009835616815826644
18-24,2022-03-11,FluA,0.01121942497551078
18-24,2022-03-12,FluA,0.011042713720446799
18-24,2022-03-13,FluA,0.011939914706104218
18-24,2022-03-14,FluA,0.012943763718338977
18-24,2022-03-15,FluA,0.015481463988947832
18-24,2022-03-16,FluA,0.017079353789864186
18-24,2022-03-17,FluA,0.018062208026786996
18-24,2022-03-18,FluA,0.018941654118145503
18-24,2022-03-19,FluA,0.019426109239209937
18-24,2022-03-20,FluA,0.019646380834086423
18-24,2022-03-21,FluA,0.020336925628360158
18-24,2022-03-22,FluA,0.020029631549405395
18-24,2022-03-23,FluA,0.019742996885549265
18-24,2022-03-24,FluA,0.020626741877171315
18-24,2022-03-25,FluA,0.020856596579656193
18-24,2022-03-26,FluA,0.022784514003261182
18-24,2022-03-27,FluA,0.02377078563173465
18-24,2022-03-28,FluA,0.023062949970496842
18-24,2022-03-29,FluA,0.023738413584158947
18-24,2022-03-30,FluA,0.02603388393246687
18-24,2022-03-31,FluA,0.026383557005579605
18-24,2022-04-01,FluA,0.02602743164945425
18-24,2022-04-02,FluA,0.025148932923035872
18-24,2022-04-03,FluA,0.023939510850304442
18-24,2022-04-04,FluA,0.02476480147208238
18-24,2022-04-05,FluA,0.022718171431812272
18-24,2022-04-06,FluA,0.023001490823577966
18-24,2022-04-07,FluA,0.02207191848508843
18-24,2022-04-08,FluA,0.021266429839132857
18-24,2022-04-09,FluA,0.021367907866602958
18-24,2022-04-10,FluA,0.021139023728793897
18-24,2022-04-11,FluA,0.02070797902730313
18-24,2022-04-12,FluA,0.021795336668243664
18-24,2022-04-13,FluA,0.02104561803427946
18-24,2022-04-14,FluA,0.021942537311544507
18-24,2022-04-15,FluA,0.023451172713278418
18-24,2022-04-16,FluA,0.022678663136254384
18-24,2022-04-17,FluA,0.02050946573929126
18-24,2022-04-18,FluA,0.020116491899134968
18-24,2022-04-19,FluA,0.01956022944612377
18-24,2022-04-20,FluA,0.01837483012369079
18-24,2022-04-21,FluA,0.01720440562201239
18-24,2022-04-22,FluA,0.015532042897018082
18-24,2022-04-23,FluA,0.0164149265860402
18-24,2022-04-24,FluA,0.018136096981909388
18-24,2022-04-25,FluA,0.018560056906417922
18-24,2022-04-26,FluA,0.018336288525934698
18-24,2022-04-27,FluA,0.016945601905223866
18-24,2022-04-28,FluA,0.01748768346667274
18-24,2022-04-29,FluA,0.01841999864791496
18-24,2022-04-30,FluA,0.0169358678426479
18-24,2022-05-01,FluA,0.017865108260454825
18-24,2022-05-02,FluA,0.017644539479714786
18-24,2022-05-03,FluA,0.017136050032497428
18-24,2022-05-04,FluA,0.0186174630277697
18-24,2022-05-05,FluA,0.018037736533328803
18-24,2022-05-06,FluA,0.016592576532672425
18-24,2022-05-07,FluA,0.016259519835023134
18-24,2022-05-08,FluA,0.015260636684435374
18-24,2022-05-09,FluA,0.015442794855760776
18-24,2022-05-10,FluA,0.014780398976337827
18-24,2022-05-11,FluA,0.013717387649285564
18-24,2022-05-12,FluA,0.013617749534916951
18-24,2022-05-13,FluA,0.014038721162021239
18-24,2022-05-14,FluA,0.013919493825296942
18-24,2022-05-15,FluA,0.014020814540823833
18-24,2022-05-16,FluA,0.012558883614607191
18-24,2022-05-17,FluA,0.013718769931158406
18-24,2022-05-18,FluA,0.014798562977988202
18-24,2022-05-19,FluA,0.014326928653291437
18-24,2022-05-20,FluA,0.014853894179427823
18-24,2022-05-21,FluA,0.014292726951593929
18-24,2022-05-22,FluA,0.014465648881101927
18-24,2022-05-23,FluA,0.015054279800169388
18-24,2022-05-24,FluA,0.015469279735782937
18-24,2022-05-25,FluA,0.014031932727858796
18-24,2022-05-26,FluA,0.013866186573181323
18-24,2022-05-27,FluA,0.014010868447447603
18-24,2022-05-28,FluA,0.014697567050812873
18-24,2022-05-29,FluA,0.014403732469528691
18-24,2022-05-30,FluA,0.014319612471638819
18-24,2022-05-31,FluA,0.013716671704221256
18-24,2022-06-01,FluA,0.015135379393087654
18-24,2022-06-02,FluA,0.014784549054153984
18-24,2022-06-03,FluA,0.013779373475777932
18-24,2022-06-04,FluA,0.012954888276292733
18-24,2022-06-05,FluA,0.01307939283048411
18-24,2022-06-06,FluA,0.012953994387042854
18-24,2022-06-07,FluA,0.013270680245551074
18-24,2022-06-08,FluA,0.012744998504988543
18-24,2022-06-09,FluA,0.012350402464325087
18-24,2022-06-10,FluA,0.011975511411799367
18-24,2022-06-11,FluA,0.012401225453813306
18-24,2022-06-12,FluA,0.011853975015588183
18-24,2022-06-13,FluA,0.011628966128682566
18-24,2022-06-14,FluA,0.011020506277953207
18-24,2022-06-15,FluA,0.009560210416282309
18-24,2022-06-16,FluA,0.009434332566906655
18-24,2022-06-17,FluA,0.008771853290723464
18-24,2022-06-18,FluA,0.00949423921717373
18-24,2022-06-19,FluA,0.009211489989524979
18-24,2022-06-20,FluA,0.009523854428794736
18-24,2022-06-21,FluA,0.008265076019195381
18-24,2022-06-22,FluA,0.00815827254482563
18-24,2022-06-23,FluA,0.0074892639640800965
25-44,2021-11-02,FluA,0.00693762523966736
25-44,2021-11-03,FluA,0.0052229644392502725
25-44,2021-11-04,FluA,0.004557505113742784
25-44,2021-11-05,FluA,0.0032021556615922527
25-44,2021-11-06,FluA,0.002802451686008688
25-44,2021-11-07,FluA,0.0023811775069319837
25-44,2021-11-08,FluA,0.0021038707021016306
25-44,2021-11-09,FluA,0.0024135176624708898
25-44,2021-11-10,FluA,0.002688172651310414
25-44,2021-11-11,FluA,0.002915870299599108
25-44,2021-11-12,FluA,0.0029610779047567373
25-44,2021-11-13,FluA,0.0030118428955282213
25-44,2021-11-14,FluA,0.002908484474500628
25-44,2021-11-15,FluA,0.0029582510430519247
25-44,2021-11-16,FluA,0.002998273040847355
25-44,2021-11-17,FluA,0.003269844293652118
25-44,2021-11-18,FluA,0.003626928849486448
25-44,2021-11-19,FluA,0.0038291810408124746
25-44,2021-11-20,FluA,0.004262248362508561
25-44,2021-11-21,FluA,0.004564450976849903
25-44,2021-11-22,FluA,0.004904107488784536
25-44,2021-11-23,FluA,0.00487680229895427
25-44,2021-11-24,FluA,0.0047168342069505344
25-44,2021-11-25,FluA,0.004511685703569204
25-44,2021-11-26,FluA,0.004504885569901733
25-44,2021-11-27,FluA,0.004776881068006921
25-44,2021-11-28,FluA,0.005062544963319797
25-44,2021-11-29,FluA,0.005599871613219005
25-44,2021-11-30,FluA,0.006503287330404821
25-44,2021-12-01,FluA,0.0076705800856192745
25-44,2021-12-02,FluA,0.008454493941937645
25-44,2021-12-03,FluA,0.009044038384090843
25-44,2021-12-04,FluA,0.00910494443594635
25-44,2021-12-05,FluA,0.009292929931122145
25-44,2021-12-06,FluA,0.009008529565809371
25-44,2021-12-07,FluA,0.008622463352106133
25-44,2021-12-08,FluA,0.008051098052705494
25-44,2021-12-09,FluA,0.007928183207358037
25-44,2021-12-10,FluA,0.007764338141772748
25-44,2021-12-11,FluA,0.007658280878186388
25-44,2021-12-12,FluA,0.00771573136041645
25-44,2021-12-13,FluA,0.00804911795797962
25-44,2021-12-14,FluA,0.008502362169571542
25-44,2021-12-15,FluA,0.008889816293727927
25-44,2021-12-16,FluA,0.009024387231458153
25-44,2021-12-17,FluA,0.009046666236657024
25-44,2021-12-18,FluA,0.00891078466250299
25-44,2021-12-19,FluA,0.008667480665619082
25-44,2021-12-20,FluA,0.008224120862689484
25-44,2021-12-21,FluA,0.007624236180769814
25-44,2021-12-22,FluA,0.006814500284455633
25-44,2021-12-23,FluA,0.006083421377346262
25-44,2021-12-24,FluA,0.005820960374389224
25-44,2021-12-25,FluA,0.0050295744898356375
25-44,2021-12-26,FluA,0.004698034993972729
25-44,2021-12-27,FluA,0.004509074831661767
25-44,2021-12-28,FluA,0.0041407915905694636
25-44,2021-12-29,FluA,0.004028228241485366
25-44,2021-12-30,FluA,0.0037635861648691394
25-44,2021-12-31,FluA,0.0036939872715759663
25-44,2022-01-01,FluA,0.0043233138920920145
25-44,2022-01-02,FluA,0.003962845094166717
25-44,2022-01-03,FluA,0.003566854683963666
25-44,2022-01-04,FluA,0.003253886345464969
25-44,2022-01-05,FluA,0.002858650910892452
25-44,2022-01-06,FluA,0.0026804114472936636
25-44,2022-01-07,FluA,0.0021688888225339102
25-44,2022-01-08,FluA,0.0017244240691227204
25-44,2022-01-09,FluA,0.0016887121372001432
25-44,2022-01-10,FluA,0.001570735496233031
25-44,2022-01-11,FluA,0.0015141880308600084
25-44,2022-01-12,FluA,0.0014307076373078873
25-44,2022-01-13,FluA,0.0014638750321098717
25-44,2022-01-14,FluA,0.0013768822358996252
25-44,2022-01-15,FluA,0.0013452301129344946
25-44,2022-01-16,FluA,0.0012923104022222827
25-44,2022-01-17,FluA,0.0014120202772892195
25-44,2022-01-18,FluA,0.0013219770713545824
25-44,2022-01-19,FluA,0.0013194144151847595
25-44,2022-01-20,FluA,0.0011999549705575382
25-44,2022-01-21,FluA,0.001265857643080628
25-44,2022-01-22,FluA,0.0012149224857515698
25-44,2022-01-23,FluA,0.0011831855154121444
25-44,2022-01-24,FluA,0.0011021063015966618
25-44,2022-01-25,FluA,0.0011347649247627945
25-44,2022-01-26,FluA,0.0012970545938775183
25-44,2022-01-27,FluA,0.0014570195017051342
25-44,2022-01-28,FluA,0.0014531526720374598
25-44,2022-01-29,FluA,0.001591018967877946
25-44,2022-01-30,FluA,0.0016727047437715583
25-44,2022-01-31,FluA,0.0016853733881310167
25-44,2022-02-01,FluA,0.001874629016943129
25-44,2022-02-02,FluA,0.0019625533581065675
25-44,2022-02-03,FluA,0.001986951450599313
25-44,2022-02-04,FluA,0.002017376086715957
25-44,2022-02-05,FluA,0.0021008807474656686
25-44,2022-02-06,FluA,0.0024273797996456547
25-44,2022-02-07,FluA,0.0026121186274708627
25-44,2022-02-08,FluA,0.002620044437312658
25-44,2022-02-09,FluA,0.0026482016241376996
25-44,2022-02-10,FluA,0.002591563876837087
25-44,2022-02-11,FluA,0.0029165109718378435
25-44,2022-02-12,FluA,0.0028365796329131937
25-44,2022-02-13,FluA,0.002728019948321586
25-44,2022-02-14,FluA,0.0028043382698400435
25-44,2022-02-15,FluA,0.0028971863238016243
25-44,2022-02-16,FluA,0.0029512805143299824
25-44,2022-02-17,FluA,0.003292368144964329
25-44,2022-02-18,FluA,0.003513101061580075
25-44,2022-02-19,FluA,0.0034489684320342696
25-44,2022-02-20,FluA,0.0035641246191302654
25-44,2022-02-21,FluA,0.003669445293962106
25-44,2022-02-22,FluA,0.0038089563022969046
25-44,2022-02-23,FluA,0.004268621702672967
25-44,2022-02-24,FluA,0.004286543787790863
25-44,2022-02-25,FluA,0.004341579529428745
25-44,2022-02-26,FluA,0.004844018834829899
25-44,2022-02-27,FluA,0.005318439148385971
25-44,2022-02-28,FluA,0.005459233300370688
25-44,2022-03-01,FluA,0.005519097709910362
25-44,2022-03-02,FluA,0.0051882927123673055
25-44,2022-03-03,FluA,0.00536291249115902
25-44,2022-03-04,FluA,0.005192227252467582
25-44,2022-03-05,FluA,0.005022009839604507
25-44,2022-03-06,FluA,0.004529800492254338
25-44,2022-03-07,FluA,0.0047323217288484
25-44,2022-03-08,FluA,0.0048777202651384315
25-44,2022-03-09,FluA,0.005217418174153728
25-44,2022-03-10,FluA,0.005384987792552601
25-44,2022-03-11,FluA,0.005609388948273932
25-44,2022-03-12,FluA,0.005685206269523122
25-44,2022-03-13,FluA,0.006191316323324528
25-44,2022-03-14,FluA,0.006554430337267736
25-44,2022-03-15,FluA,0.006493065929606411
25-44,2022-03-16,FluA,0.0067145206754917405
25-44,2022-03-17,FluA,0.007377607788607468
25-44,2022-03-18,FluA,0.008097988891697185
25-44,2022-03-19,FluA,0.008811434977816873
25-44,2022-03-20,FluA,0.008879415477529833
25-44,2022-03-21,FluA,0.0091266918278031
25-44,2022-03-22,FluA,0.009495822541800477
25-44,2022-03-23,FluA,0.010111883253390372
25-44,2022-03-24,FluA,0.009787573863777228
25-44,2022-03-25,FluA,0.01011026466313114
25-44,2022-03-26,FluA,0.010702850265191213
25-44,2022-03-27,FluA,0.010428248000496628
25-44,2022-03-28,FluA,0.010382330513101539
25-44,2022-03-29,FluA,0.010772470308078947
25-44,2022-03-30,FluA,0.010891018856331758
25-44,2022-03-31,FluA,0.011186821263134488
25-44,2022-04-01,FluA,0.010714891338664366
25-44,2022-04-02,FluA,0.009723494500864672
25-44,2022-04-03,FluA,0.010549045060071404
25-44,2022-04-04,FluA,0.010960940380595785
25-44,2022-04-05,FluA,0.010813065139918763
25-44,2022-04-06,FluA,0.010472417302326077
25-44,2022-04-07,FluA,0.010448657645608567
25-44,2022-04-08,FluA,0.010550716200152141
25-44,2022-04-09,FluA,0.010594012527014527
25-44,2022-04-10,FluA,0.009907955663628643
25-44,2022-04-11,FluA,0.009372761207680014
25-44,2022-04-12,FluA,0.010152889794760601
25-44,2022-04-13,FluA,0.010656792023118995
25-44,2022-04-14,FluA,0.011194740010829476
25-44,2022-04-15,FluA,0.011636411784809607
25-44,2022-04-16,FluA,0.01187203968629485
25-44,2022-04-17,FluA,0.012368444931457686
25-44,2022-04-18,FluA,0.012541714239180778
25-44,2022-04-19,FluA,0.01208296786638016
25-44,2022-04-20,FluA,0.011433066643594407
25-44,2022-04-21,FluA,0.011464818351919873
25-44,2022-04-22,FluA,0.010801740237477335
25-44,2022-04-23,FluA,0.010607597285212591
25-44,2022-04-24,FluA,0.010658917420214737
25-44,2022-04-25,FluA,0.010978992346313016
25-44,2022-04-26,FluA,0.01067847665981243
25-44,2022-04-27,FluA,0.010950353816133315
25-44,2022-04-28,FluA,0.010083938042952715
25-44,2022-04-29,FluA,0.010260144835861183
25-44,2022-04-30,FluA,0.010524046124333294
25-44,2022-05-01,FluA,0.010586365033133644
25-44,2022-05-02,FluA,0.010468376872548814
25-44,2022-05-03,FluA,0.010713970871706712
25-44,2022-05-04,FluA,0.010561973551910199
25-44,2022-05-05,FluA,0.0107277635514145
25-44,2022-05-06,FluA,0.011057077619991475
25-44,2022-05-07,FluA,0.011309898814834974
25-44,2022-05-08,FluA,0.010981608653543877
25-44,2022-05-09,FluA,0.010884602639399384
25-44,2022-05-10,FluA,0.010767968127624804
25-44,2022-05-11,FluA,0.011189529563603483
25-44,2022-05-12,FluA,0.011532808149866255
25-44,2022-05-13,FluA,0.0112611159196211
25-44,2022-05-14,FluA,0.011038356726084891
25-44,2022-05-15,FluA,0.011165387262594282
25-44,2022-05-16,FluA,0.010915055592186253
25-44,2022-05-17,FluA,0.011073159028135013
25-44,2022-05-18,FluA,0.011054363796100097
25-44,2022-05-19,FluA,0.011249715300949027
25-44,2022-05-20,FluA,0.011163469484003775
25-44,2022-05-21,FluA,0.010974068709513604
25-44,2022-05-22,FluA,0.010972290513047394
25-44,2022-05-23,FluA,0.010840197721671888
25-44,2022-05-24,FluA,0.010653548514227593
25-44,2022-05-25,FluA,0.010348459741273025
25-44,2022-05-26,FluA,0.009246929284895887
25-44,2022-05-27,FluA,0.009285371371559017
25-44,2022-05-28,FluA,0.009653625955687695
25-44,2022-05-29,FluA,0.0097228146288894
25-44,2022-05-30,FluA,0.009360913167551067
25-44,2022-05-31,FluA,0.00957219121254345
25-44,2022-06-01,FluA,0.010168642799496934
25-44,2022-06-02,FluA,0.01132241690450719
25-44,2022-06-03,FluA,0.01176313862073291
25-44,2022-06-04,FluA,0.011461826625562227
25-44,2022-06-05,FluA,0.011141994093690802
25-44,2022-06-06,FluA,0.011843037303762561
25-44,2022-06-07,FluA,0.01173223245919752
25-44,2022-06-08,FluA,0.010647572493091664
25-44,2022-06-09,FluA,0.009982716418528137
25-44,2022-06-10,FluA,0.009247106328841003
25-44,2022-06-11,FluA,0.008868671574162048
25-44,2022-06-12,FluA,0.008644833646396627
25-44,2022-06-13,FluA,0.008123639205579096
25-44,2022-06-14,FluA,0.007711428480650355
25-44,2022-06-15,FluA,0.007551954552316812
25-44,2022-06-16,FluA,0.006985453456878714
25-44,2022-06-17,FluA,0.006743707576514977
25-44,2022-06-18,FluA,0.006462577408717325
25-44,2022-06-19,FluA,0.006144169257775375
25-44,2022-06-20,FluA,0.00612760804006216
25-44,2022-06-21,FluA,0.005987973326602214
25-44,2022-06-22,FluA,0.0059282347699155915
25-44,2022-06-23,FluA,0.005595999766417351
45-64,2021-11-02,FluA,0.004678024193757633
45-64,2021-11-03,FluA,0.004284593563638406
45-64,2021-11-04,FluA,0.003723880835459476
45-64,2021-11-05,FluA,0.002893893855609128
45-64,2021-11-06,FluA,0.0018920105284728002
45-64,2021-11-07,FluA,0.0009678844649311669
45-64,2021-11-08,FluA,0.0005679184866417983
45-64,2021-11-09,FluA,0.0007268341222787217
45-64,2021-11-10,FluA,0.0009071058750590255
45-64,2021-11-11,FluA,0.0011390168212556861
45-64,2021-11-12,FluA,0.0011193286711905337
45-64,2021-11-13,FluA,0.001113861647253853
45-64,2021-11-14,FluA,0.0013437202841921358
45-64,2021-11-15,FluA,0.0014470024923572996
45-64,2021-11-16,FluA,0.0014339836804363932
45-64,2021-11-17,FluA,0.001342396790337517
45-64,2021-11-18,FluA,0.001399329266935417
45-64,2021-11-19,FluA,0.0015710433754430463
45-64,2021-11-20,FluA,0.0016669785994495852
45-64,2021-11-21,FluA,0.001651942733725051
45-64,2021-11-22,FluA,0.0017572007497021688
45-64,2021-11-23,FluA,0.0018717412467520525
45-64,2021-11-24,FluA,0.0018111461593874729
45-64,2021-11-25,FluA,0.0015223027365929129
45-64,2021-11-26,FluA,0.0014730511598490938
45-64,2021-11-27,FluA,0.0016259726721758357
45-64,2021-11-28,FluA,0.001849568894621874
45-64,2021-11-29,FluA,0.002056286902640994
45-64,2021-11-30,FluA,0.002405504359338235
45-64,2021-12-01,FluA,0.0029074164541712153
45-64,2021-12-02,FluA,0.00352933565074375
45-64,2021-12-03,FluA,0.003792927192686557
45-64,2021-12-04,FluA,0.004010111790743202
45-64,2021-12-05,FluA,0.00402443362037519
45-64,2021-12-06,FluA,0.004178703022478119
45-64,2021-12-07,FluA,0.0038601972474121044
45-64,2021-12-08,FluA,0.0037185370447678254
45-64,2021-12-09,FluA,0.0036832477867266753
45-64,2021-12-10,FluA,0.0035143798280483705
45-64,2021-12-11,FluA,0.003475034734756859
45-64,2021-12-12,FluA,0.003744889474728327
45-64,2021-12-13,FluA,0.00363156109599511
45-64,2021-12-14,FluA,0.00382673307634511
45-64,2021-12-15,FluA,0.003989983105306371
45-64,2021-12-16,FluA,0.003973140749963974
45-64,2021-12-17,FluA,0.00410631113098881
45-64,2021-12-18,FluA,0.0042092872236754566
45-64,2021-12-19,FluA,0.004182706972749087
45-64,2021-12-20,FluA,0.004141733182025619
45-64,2021-12-21,FluA,0.004289544595558875
45-64,2021-12-22,FluA,0.004236134452786795
45-64,2021-12-23,FluA,0.004142802043106899
45-64,2021-12-24,FluA,0.003942606428672164
45-64,2021-12-25,FluA,0.00334440104482371
45-64,2021-12-26,FluA,0.00320322205577147
45-64,2021-12-27,FluA,0.0031813632083042493
45-64,2021-12-28,FluA,0.0028448208443416774
45-64,2021-12-29,FluA,0.0027929397308020187
45-64,2021-12-30,FluA,0.00267088084321985
45-64,2021-12-31,FluA,0.0025905291701910083
45-64,2022-01-01,FluA,0.0025905291701910083
45-64,2022-01-02,FluA,0.0021934588798794784
45-64,2022-01-03,FluA,0.0018847245033295277
45-64,2022-01-04,FluA,0.0016882517346408384
45-64,2022-01-05,FluA,0.001336433922794856
45-64,2022-01-06,FluA,0.00118135632933731
45-64,2022-01-07,FluA,0.001072520485327296
45-64,2022-01-08,FluA,0.0012468276144888787
45-64,2022-01-09,FluA,0.0012301689924770016
45-64,2022-01-10,FluA,0.0010866491916159727
45-64,2022-01-11,FluA,0.0010114030426669177
45-64,2022-01-12,FluA,0.0008479852091498819
45-64,2022-01-13,FluA,0.0007841724620038557
45-64,2022-01-14,FluA,0.0007219271825517937
45-64,2022-01-15,FluA,0.0006744914058388281
45-64,2022-01-16,FluA,0.000589793528088717
45-64,2022-01-17,FluA,0.0006319922792977682
45-64,2022-01-18,FluA,0.0006080282330672356
45-64,2022-01-19,FluA,0.000727280019778023
45-64,2022-01-20,FluA,0.0007277152119421398
45-64,2022-01-21,FluA,0.0007434441057137094
45-64,2022-01-22,FluA,0.0006854859914981568
45-64,2022-01-23,FluA,0.0007358855370587397
45-64,2022-01-24,FluA,0.0007998672821383873
45-64,2022-01-25,FluA,0.0008683693585148763
45-64,2022-01-26,FluA,0.000752713780728041
45-64,2022-01-27,FluA,0.0007588786543248421
45-64,2022-01-28,FluA,0.0007371643244053179
45-64,2022-01-29,FluA,0.0007904295277862307
45-64,2022-01-30,FluA,0.0008543388319700116
45-64,2022-01-31,FluA,0.0008173302026568139
45-64,2022-02-01,FluA,0.0007894042771397892
45-64,2022-02-02,FluA,0.0009054956499803203
45-64,2022-02-03,FluA,0.000990597818390513
45-64,2022-02-04,FluA,0.0010891441024359332
45-64,2022-02-05,FluA,0.0010807054242432481
45-64,2022-02-06,FluA,0.0010409685292374743
45-64,2022-02-07,FluA,0.0010982742859307823
45-64,2022-02-08,FluA,0.001487931684090981
45-64,2022-02-09,FluA,0.0016976203971255037
45-64,2022-02-10,FluA,0.0018125030769632806
45-64,2022-02-11,FluA,0.0018101701222304448
45-64,2022-02-12,FluA,0.0019731065554337034
45-64,2022-02-13,FluA,0.0020996181151717126
45-64,2022-02-14,FluA,0.00220667905777285
45-64,2022-02-15,FluA,0.0020205353818278193
45-64,2022-02-16,FluA,0.002046743138670744
45-64,2022-02-17,FluA,0.001883940862241546
45-64,2022-02-18,FluA,0.0021405891245086317
45-64,2022-02-19,FluA,0.0022241434754345134
45-64,2022-02-20,FluA,0.00208589679073273
45-64,2022-02-21,FluA,0.0020464079679613162
45-64,2022-02-22,FluA,0.0020260617052735514
45-64,2022-02-23,FluA,0.0021468892807210414
45-64,2022-02-24,FluA,0.0022856795018416976
45-64,2022-02-25,FluA,0.0023201614365697047
45-64,2022-02-26,FluA,0.0021976299619928877
45-64,2022-02-27,FluA,0.0022887770347317644
45-64,2022-02-28,FluA,0.0023244334908961496
45-64,2022-03-01,FluA,0.002474119331371464
45-64,2022-03-02,FluA,0.0023989056454074087
45-64,2022-03-03,FluA,0.0022232093757928247
45-64,2022-03-04,FluA,0.0022010352121070165
45-64,2022-03-05,FluA,0.00237423875521339
45-64,2022-03-06,FluA,0.0025608912974128288
45-64,2022-03-07,FluA,0.0029119872692247176
45-64,2022-03-08,FluA,0.0031624930757170266
45-64,2022-03-09,FluA,0.0032199339742687424
45-64,2022-03-10,FluA,0.0034009667050601475
45-64,2022-03-11,FluA,0.0035859720537652863
45-64,2022-03-12,FluA,0.003614179507942908
45-64,2022-03-13,FluA,0.0033804921839433563
45-64,2022-03-14,FluA,0.0031998656064414397
45-64,2022-03-15,FluA,0.003113311681584342
45-64,2022-03-16,FluA,0.0033373825412959883
45-64,2022-03-17,FluA,0.0037235226214124063
45-64,2022-03-18,FluA,0.003586511560314144
45-64,2022-03-19,FluA,0.0036304932774961465
45-64,2022-03-20,FluA,0.004470995627432459
45-64,2022-03-21,FluA,0.004872731441330001
45-64,2022-03-22,FluA,0.004904833900881501
45-64,2022-03-23,FluA,0.005029059806340191
45-64,2022-03-24,FluA,0.004972068493868978
45-64,2022-03-25,FluA,0.005114663845434768
45-64,2022-03-26,FluA,0.004875216986119902
45-64,2022-03-27,FluA,0.004211492036680666
45-64,2022-03-28,FluA,0.004163153289836924
45-64,2022-03-29,FluA,0.004086555540613372
45-64,2022-03-30,FluA,0.004582629293582453
45-64,2022-03-31,FluA,0.004233758166470453
45-64,2022-04-01,FluA,0.004193177081246931
45-64,2022-04-02,FluA,0.004864749725299571
45-64,2022-04-03,FluA,0.00507336069849807
45-64,2022-04-04,FluA,0.005522060107438783
45-64,2022-04-05,FluA,0.005744521659251353
45-64,2022-04-06,FluA,0.005277044769097365
45-64,2022-04-07,FluA,0.006183465868841
45-64,2022-04-08,FluA,0.006188159164151924
45-64,2022-04-09,FluA,0.006169159552182461
45-64,2022-04-10,FluA,0.0062199329082552384
45-64,2022-04-11,FluA,0.006342717464652098
45-64,2022-04-12,FluA,0.006029717770847451
45-64,2022-04-13,FluA,0.005806656475029916
45-64,2022-04-14,FluA,0.005639295337122942
45-64,2022-04-15,FluA,0.006057560392651978
45-64,2022-04-16,FluA,0.006211762600511282
45-64,2022-04-17,FluA,0.005612242216818238
45-64,2022-04-18,FluA,0.005615009887947849
45-64,2022-04-19,FluA,0.0062212281692958565
45-64,2022-04-20,FluA,0.006261764323700128
45-64,2022-04-21,FluA,0.00659378730789304
45-64,2022-04-22,FluA,0.006383938877257039
45-64,2022-04-23,FluA,0.006141991504080264
45-64,2022-04-24,FluA,0.007154564282748731
45-64,2022-04-25,FluA,0.006470708258310379
45-64,2022-04-26,FluA,0.005878183749020375
45-64,2022-04-27,FluA,0.0061213093928603555
45-64,2022-04-28,FluA,0.005568811800059891
45-64,2022-04-29,FluA,0.005365368087421282
45-64,2022-04-30,FluA,0.005273330311874575
45-64,2022-05-01,FluA,0.005610713858148536
45-64,2022-05-02,FluA,0.0052630944903706775
45-64,2022-05-03,FluA,0.005580356312426164
45-64,2022-05-04,FluA,0.005198217746945717
45-64,2022-05-05,FluA,0.0054277658410140555
45-64,2022-05-06,FluA,0.005300069061749824
45-64,2022-05-07,FluA,0.005283914154450897
45-64,2022-05-08,FluA,0.0050402341035699775
45-64,2022-05-09,FluA,0.00531531558554308
45-64,2022-05-10,FluA,0.005844007984028753
45-64,2022-05-11,FluA,0.005769434116720064
45-64,2022-05-12,FluA,0.005579924521377884
45-64,2022-05-13,FluA,0.005805429895987655
45-64,2022-05-14,FluA,0.006324729583266524
45-64,2022-05-15,FluA,0.006274813217239565
45-64,2022-05-16,FluA,0.006543314465786853
45-64,2022-05-17,FluA,0.006468068547237727
45-64,2022-05-18,FluA,0.006819851317849982
45-64,2022-05-19,FluA,0.007164438048112071
45-64,2022-05-20,FluA,0.007327802474223397
45-64,2022-05-21,FluA,0.007040575311385776
45-64,2022-05-22,FluA,0.006894858545070065
45-64,2022-05-23,FluA,0.006763749201537693
45-64,2022-05-24,FluA,0.006340251808154007
45-64,2022-05-25,FluA,0.006242364245916854
45-64,2022-05-26,FluA,0.006179232918551385
45-64,2022-05-27,FluA,0.006397131747457467
45-64,2022-05-28,FluA,0.006133451795692231
45-64,2022-05-29,FluA,0.006233930999777233
45-64,2022-05-30,FluA,0.005471929475774185
45-64,2022-05-31,FluA,0.005653556776913515
45-64,2022-06-01,FluA,0.005740539807396334
45-64,2022-06-02,FluA,0.005771942086766653
45-64,2022-06-03,FluA,0.00549321115097673
45-64,2022-06-04,FluA,0.005411421627599863
45-64,2022-06-05,FluA,0.005696439039474241
45-64,2022-06-06,FluA,0.006409411383652259
45-64,2022-06-07,FluA,0.006314102309679611
45-64,2022-06-08,FluA,0.006012922029504536
45-64,2022-06-09,FluA,0.005618387714451026
45-64,2022-06-10,FluA,0.005511355203027833
45-64,2022-06-11,FluA,0.005301972985436229
45-64,2022-06-12,FluA,0.004977650526105921
45-64,2022-06-13,FluA,0.00485761042953641
45-64,2022-06-14,FluA,0.004683846135009792
45-64,2022-06-15,FluA,0.004853899241403463
45-64,2022-06-16,FluA,0.004546011394307473
45-64,2022-06-17,FluA,0.004224903924056137
45-64,2022-06-18,FluA,0.004272031430409934
45-64,2022-06-19,FluA,0.003845470402509134
45-64,2022-06-20,FluA,0.00426633460220525
45-64,2022-06-21,FluA,0.003738914195055779
45-64,2022-06-22,FluA,0.003773561894262281
45-64,2022-06-23,FluA,0.0035547778704241055
<18,2021-11-02,FluA,0.0035729872331321287
<18,2021-11-03,FluA,0.0032615577868747377
<18,2021-11-04,FluA,0.0031556688274996837
<18,2021-11-05,FluA,0.002560399165909346
<18,2021-11-06,FluA,0.002434099195216335
<18,2021-11-07,FluA,0.0019629830174491877
<18,2021-11-08,FluA,0.002075471735324823
<18,2021-11-09,FluA,0.001953534150097239
<18,2021-11-10,FluA,0.001959135265048592
<18,2021-11-11,FluA,0.0018428279785290978
<18,2021-11-12,FluA,0.0016529945911987122
<18,2021-11-13,FluA,0.0018831588429745934
<18,2021-11-14,FluA,0.0022532792233107826
<18,2021-11-15,FluA,0.002202644969647754
<18,2021-11-16,FluA,0.0023481260539528364
<18,2021-11-17,FluA,0.0025819507863891083
<18,2021-11-18,FluA,0.0025543553799485274
<18,2021-11-19,FluA,0.0027495704173424998
<18,2021-11-20,FluA,0.0034135352305653816
<18,2021-11-21,FluA,0.0037810237315051656
<18,2021-11-22,FluA,0.004145113380174799
<18,2021-11-23,FluA,0.004601437478169305
<18,2021-11-24,FluA,0.004912646933889898
<18,2021-11-25,FluA,0.004617182315777917
<18,2021-11-26,FluA,0.004905580963498264
<18,2021-11-27,FluA,0.004437406872242545
<18,2021-11-28,FluA,0.004297295359273674
<18,2021-11-29,FluA,0.004567501757268785
<18,2021-11-30,FluA,0.005098327193908784
<18,2021-12-01,FluA,0.00539510768041962
<18,2021-12-02,FluA,0.0064950664319664364
<18,2021-12-03,FluA,0.007215310084640124
<18,2021-12-04,FluA,0.009334582182158433
<18,2021-12-05,FluA,0.009903950283252857
<18,2021-12-06,FluA,0.011518254835895367
<18,2021-12-07,FluA,0.011700748215676456
<18,2021-12-08,FluA,0.012590769205146969
<18,2021-12-09,FluA,0.0133092567730648
<18,2021-12-10,FluA,0.014039024041794149
<18,2021-12-11,FluA,0.014118801025577743
<18,2021-12-12,FluA,0.015027219649180811
<18,2021-12-13,FluA,0.016174710545230873
<18,2021-12-14,FluA,0.01736976146697794
<18,2021-12-15,FluA,0.01733167040142573
<18,2021-12-16,FluA,0.017497351066088063
<18,2021-12-17,FluA,0.018023833622327793
<18,2021-12-18,FluA,0.0196616063736079
<18,2021-12-19,FluA,0.020879483540643205
<18,2021-12-20,FluA,0.020282990662716306
<18,2021-12-21,FluA,0.02042701917359699
<18,2021-12-22,FluA,0.020538974826307094
<18,2021-12-23,FluA,0.020839039333566806
<18,2021-12-24,FluA,0.020034069227684848
<18,2021-12-26,FluA,0.017080800378299947
<18,2021-12-27,FluA,0.015030149532915486
<18,2021-12-28,FluA,0.013120031531976769
<18,2021-12-29,FluA,0.011116017171874394
<18,2021-12-30,FluA,0.010114499060008095
<18,2021-12-31,FluA,0.008695704985742955
<18,2022-01-01,FluA,0.006811874530483928
<18,2022-01-02,FluA,0.005739667119870072
<18,2022-01-03,FluA,0.004737079110381249
<18,2022-01-04,FluA,0.003962253606100424
<18,2022-01-05,FluA,0.003997885834425771
<18,2022-01-06,FluA,0.0035589599687655808
<18,2022-01-07,FluA,0.0032793093788487113
<18,2022-01-08,FluA,0.0037808138923893335
<18,2022-01-09,FluA,0.0036742995272664885
<18,2022-01-10,FluA,0.0037710231257375333
<18,2022-01-11,FluA,0.003910316350976173
<18,2022-01-12,FluA,0.003565827493044912
<18,2022-01-13,FluA,0.003786569148726736
<18,2022-01-14,FluA,0.0033209713062631293
<18,2022-01-15,FluA,0.0031704671437228584
<18,2022-01-16,FluA,0.0034798159513211593
<18,2022-01-17,FluA,0.003137805601275467
<18,2022-01-18,FluA,0.003079761624536351
<18,2022-01-19,FluA,0.0030025888675892748
<18,2022-01-20,FluA,0.002875575016939911
<18,2022-01-21,FluA,0.0031803150889451264
<18,2022-01-22,FluA,0.003162963183699099
<18,2022-01-23,FluA,0.0029888268156452362
<18,2022-01-24,FluA,0.0035439533991827054
<18,2022-01-25,FluA,0.0035386323566514006
<18,2022-01-26,FluA,0.003540957859874443
<18,2022-01-27,FluA,0.0042776266705772
<18,2022-01-28,FluA,0.004617308571897129
<18,2022-01-29,FluA,0.005430531318172052
<18,2022-01-30,FluA,0.005816961108395879
<18,2022-01-31,FluA,0.0062879945620330085
<18,2022-02-01,FluA,0.0068125163607246015
<18,2022-02-02,FluA,0.007220567686484838
<18,2022-02-03,FluA,0.006957178880684921
<18,2022-02-04,FluA,0.007255401297873325
<18,2022-02-05,FluA,0.0075259645495010605
<18,2022-02-06,FluA,0.008131435552852352
<18,2022-02-07,FluA,0.008366016572414911
<18,2022-02-08,FluA,0.008552621204895831
<18,2022-02-09,FluA,0.008643496801839312
<18,2022-02-10,FluA,0.009584244041184447
<18,2022-02-11,FluA,0.010354519222693842
<18,2022-02-12,FluA,0.011186803564188719
<18,2022-02-13,FluA,0.011656551472313648
<18,2022-02-14,FluA,0.012505355316530365
<18,2022-02-15,FluA,0.012846264407439455
<18,2022-02-16,FluA,0.013442857122503468
<18,2022-02-17,FluA,0.012696892856733031
<18,2022-02-18,FluA,0.011717795264956199
<18,2022-02-19,FluA,0.011287912694545016
<18,2022-02-20,FluA,0.010823726957284263
<18,2022-02-21,FluA,0.011699510811700967
<18,2022-02-22,FluA,0.01207761029303298
<18,2022-02-23,FluA,0.012288512067315039
<18,2022-02-24,FluA,0.013983386141815709
<18,2022-02-25,FluA,0.014459202410871072
<18,2022-02-26,FluA,0.013909207465971669
<18,2022-02-27,FluA,0.015465098160068956
<18,2022-02-28,FluA,0.014818547372123193
<18,2022-03-01,FluA,0.015016478050599354
<18,2022-03-02,FluA,0.014053123365659684
<18,2022-03-03,FluA,0.012838772421510007
<18,2022-03-04,FluA,0.012869529405154529
<18,2022-03-05,FluA,0.015141600768134983
<18,2022-03-06,FluA,0.016927315053849267
<18,2022-03-07,FluA,0.01714022585085904
<18,2022-03-08,FluA,0.01779811423536816
<18,2022-03-09,FluA,0.01822795280042507
<18,2022-03-10,FluA,0.01805860857418118
<18,2022-03-11,FluA,0.01858864689223793
<18,2022-03-12,FluA,0.017444815794188388
<18,2022-03-13,FluA,0.015474091886558777
<18,2022-03-14,FluA,0.01579019282849529
<18,2022-03-15,FluA,0.014566460176716835
<18,2022-03-16,FluA,0.014355428009995239
<18,2022-03-17,FluA,0.014294890936369925
<18,2022-03-18,FluA,0.013862034348147964
<18,2022-03-19,FluA,0.013960831714749064
<18,2022-03-20,FluA,0.014080569289217254
<18,2022-03-21,FluA,0.013914337643961416
<18,2022-03-22,FluA,0.01506507204939872
<18,2022-03-23,FluA,0.016066269974896862
<18,2022-03-24,FluA,0.016880705338083234
<18,2022-03-25,FluA,0.017278266960134653
<18,2022-03-26,FluA,0.019449922139060154
<18,2022-03-27,FluA,0.020695041125282802
<18,2022-03-28,FluA,0.020895011399971703
<18,2022-03-29,FluA,0.021659970101045294
<18,2022-03-30,FluA,0.02267577996141514
<18,2022-03-31,FluA,0.02199750865289173
<18,2022-04-01,FluA,0.023288038995975733
<18,2022-04-02,FluA,0.021411501193015242
<18,2022-04-03,FluA,0.020938891096345
<18,2022-04-04,FluA,0.023033786382935118
<18,2022-04-05,FluA,0.023089657412282645
<18,2022-04-06,FluA,0.024342176002414288
<18,2022-04-07,FluA,0.026943978033679213
<18,2022-04-08,FluA,0.027718767815214523
<18,2022-04-09,FluA,0.029247048035572078
<18,2022-04-10,FluA,0.029390840090139318
<18,2022-04-11,FluA,0.029810107334255573
<18,2022-04-12,FluA,0.031225486492461183
<18,2022-04-13,FluA,0.031040474204402774
<18,2022-04-14,FluA,0.030627675162868774
<18,2022-04-15,FluA,0.03024725905551499
<18,2022-04-16,FluA,0.03013517746368846
<18,2022-04-17,FluA,0.026382362852730244
<18,2022-04-18,FluA,0.024525003316008993
<18,2022-04-19,FluA,0.02761772230939515
<18,2022-04-20,FluA,0.026854679584981368
<18,2022-04-21,FluA,0.028324028825031242
<18,2022-04-22,FluA,0.028166611112769576
<18,2022-04-23,FluA,0.0257591364950155
<18,2022-04-24,FluA,0.02793304953849376
<18,2022-04-25,FluA,0.03005571879508392
<18,2022-04-26,FluA,0.02754826259074151
<18,2022-04-27,FluA,0.02894193420330713
<18,2022-04-28,FluA,0.030990378453586247
<18,2022-04-29,FluA,0.03271925375845488
<18,2022-04-30,FluA,0.037483659520759806
<18,2022-05-01,FluA,0.04174751471762489
<18,2022-05-02,FluA,0.04347922337087554
<18,2022-05-03,FluA,0.043497033527726776
<18,2022-05-04,FluA,0.044898531861493896
<18,2022-05-05,FluA,0.042492278620312254
<18,2022-05-06,FluA,0.041666343726580755
<18,2022-05-07,FluA,0.04045568330049128
<18,2022-05-08,FluA,0.0399406821769449
<18,2022-05-09,FluA,0.04070760893919736
<18,2022-05-10,FluA,0.041288006230504506
<18,2022-05-11,FluA,0.04021340952536357
<18,2022-05-12,FluA,0.039877522947719506
<18,2022-05-13,FluA,0.040902483117661086
<18,2022-05-14,FluA,0.04241258150075155
<18,2022-05-15,FluA,0.04055629246033365
<18,2022-05-16,FluA,0.03772340819961623
<18,2022-05-17,FluA,0.03739747577717202
<18,2022-05-18,FluA,0.03758471694379464
<18,2022-05-19,FluA,0.0376763725229927
<18,2022-05-20,FluA,0.03832461291757989
<18,2022-05-21,FluA,0.036265640871714
<18,2022-05-22,FluA,0.0394324358513928
<18,2022-05-23,FluA,0.04108900099172139
<18,2022-05-24,FluA,0.04152454573939587
<18,2022-05-25,FluA,0.040294420800783846
<18,2022-05-26,FluA,0.04090447139617477
<18,2022-05-27,FluA,0.03899632619216449
<18,2022-05-28,FluA,0.039726182389008206
<18,2022-05-29,FluA,0.0382503760475959
<18,2022-05-30,FluA,0.034530445987740355
<18,2022-05-31,FluA,0.03374579197523136
<18,2022-06-01,FluA,0.03417078422797675
<18,2022-06-02,FluA,0.033566604011680226
<18,2022-06-03,FluA,0.03264866644564795
<18,2022-06-04,FluA,0.029596661995858243
<18,2022-06-05,FluA,0.02621750509570452
<18,2022-06-06,FluA,0.0253592073809418
<18,2022-06-07,FluA,0.022471531672216393
<18,2022-06-08,FluA,0.02054871741772559
<18,2022-06-09,FluA,0.018034906818762853
<18,2022-06-10,FluA,0.016904744965531644
<18,2022-06-11,FluA,0.017071970899779517
<18,2022-06-12,FluA,0.01732768649588576
<18,2022-06-13,FluA,0.01697681599674734
<18,2022-06-14,FluA,0.01635743957293152
<18,2022-06-15,FluA,0.014877293019481184
<18,2022-06-16,FluA,0.014596558570377742
<18,2022-06-17,FluA,0.013949054915966328
<18,2022-06-18,FluA,0.012505203797773538
<18,2022-06-19,FluA,0.012520454930888521
<18,2022-06-20,FluA,0.011921863003696189
<18,2022-06-21,FluA,0.011324283117591868
<18,2022-06-22,FluA,0.010687909719578994
<18,2022-06-23,FluA,0.009397003608527146
>=65,2021-11-02,FluA,0.00804183703596927
>=65,2021-11-03,FluA,0.006835018511304918
>=65,2021-11-04,FluA,0.004391489172858982
>=65,2021-11-05,FluA,0.002828898324553848
>=65,2021-11-06,FluA,0.0016579969359058852
>=65,2021-11-07,FluA,0.0012724528224610295
>=65,2021-11-08,FluA,0.0008192816883151865
>=65,2021-11-09,FluA,0.0008973030661727194
>=65,2021-11-10,FluA,0.0008973030661727194
>=65,2021-11-11,FluA,0.0007605356498274369
>=65,2021-11-12,FluA,0.000821430525160543
>=65,2021-11-13,FluA,0.0008133398178613924
>=65,2021-11-14,FluA,0.0007014704812465586
>=65,2021-11-15,FluA,0.0008334207707277692
>=65,2021-11-16,FluA,0.0009701145374451001
>=65,2021-11-17,FluA,0.0011847221631694008
>=65,2021-11-18,FluA,0.001115742374247555
>=65,2021-11-19,FluA,0.0010972899331670274
>=65,2021-11-20,FluA,0.00117125981425857
>=65,2021-11-21,FluA,0.001259497703608257
>=65,2021-11-22,FluA,0.0012858587797378077
>=65,2021-11-23,FluA,0.001287812709263767
>=65,2021-11-24,FluA,0.0014257646661089206
>=65,2021-11-25,FluA,0.0014257646661089206
>=65,2021-11-26,FluA,0.0012815788752240226
>=65,2021-11-27,FluA,0.001324543164136369
>=65,2021-11-28,FluA,0.0019113537938989934
>=65,2021-11-29,FluA,0.0020631110248307666
>=65,2021-11-30,FluA,0.0028023633527479996
>=65,2021-12-01,FluA,0.003128191468748278
>=65,2021-12-02,FluA,0.003583311569886078
>=65,2021-12-03,FluA,0.004297299824477581
>=65,2021-12-04,FluA,0.004923942144318838
>=65,2021-12-05,FluA,0.00433637503540686
>=65,2021-12-06,FluA,0.00417573520554292
>=65,2021-12-07,FluA,0.0038672915832646954
>=65,2021-12-08,FluA,0.003742852305941963
>=65,2021-12-09,FluA,0.0043158923693097885
>=65,2021-12-10,FluA,0.003991303663218192
>=65,2021-12-11,FluA,0.0036213686134964804
>=65,2021-12-12,FluA,0.004088672224100586
>=65,2021-12-13,FluA,0.00476779897749771
>=65,2021-12-14,FluA,0.004646740885854212
>=65,2021-12-15,FluA,0.0045119332260462625
>=65,2021-12-16,FluA,0.004128065218747922
>=65,2021-12-17,FluA,0.004411666874506674
>=65,2021-12-18,FluA,0.004580977559613846
>=65,2021-12-19,FluA,0.0049501442090297346
>=65,2021-12-20,FluA,0.004758766816844504
>=65,2021-12-21,FluA,0.005121693693061967
>=65,2021-12-22,FluA,0.0052918570616626946
>=65,2021-12-23,FluA,0.00525570289649433
>=65,2021-12-24,FluA,0.005449118163771521
>=65,2021-12-26,FluA,0.004802595773680327
>=65,2021-12-27,FluA,0.004923824397060647
>=65,2021-12-28,FluA,0.004770637747239831
>=65,2021-12-29,FluA,0.004239585701019904
>=65,2021-12-30,FluA,0.004084644505343061
>=65,2021-12-31,FluA,0.0040525433796635875
>=65,2022-01-01,FluA,0.003130884393488472
>=65,2022-01-02,FluA,0.0034639995435610895
>=65,2022-01-03,FluA,0.002846151415252525
>=65,2022-01-04,FluA,0.0024462445191777045
>=65,2022-01-05,FluA,0.0022301435739343384
>=65,2022-01-06,FluA,0.0020072328936524323
>=65,2022-01-07,FluA,0.0016598406221347633
>=65,2022-01-08,FluA,0.0017816284677077754
>=65,2022-01-09,FluA,0.0015124543556744
>=65,2022-01-10,FluA,0.001169979418096689
>=65,2022-01-11,FluA,0.0010904660776039998
>=65,2022-01-12,FluA,0.001132544859293503
>=65,2022-01-13,FluA,0.000962488473904779
>=65,2022-01-14,FluA,0.0007798378078643991
>=65,2022-01-15,FluA,0.0006580499622913873
>=65,2022-01-16,FluA,0.0005934538716677988
>=65,2022-01-17,FluA,0.000553281393048562
>=65,2022-01-18,FluA,0.0003924967640590934
>=65,2022-01-19,FluA,0.0002082244095190833
>=65,2022-01-20,FluA,0.00024361281540734468
>=65,2022-01-21,FluA,0.0003329429878283742
>=65,2022-01-22,FluA,0.00039175613844885285
>=65,2022-01-23,FluA,0.0005352738452630596
>=65,2022-01-24,FluA,0.0006208143859191955
>=65,2022-01-25,FluA,0.0006618888950788109
>=65,2022-01-26,FluA,0.0007619639513710301
>=65,2022-01-27,FluA,0.0007715764973874663
>=65,2022-01-28,FluA,0.0007475551954304402
>=65,2022-01-29,FluA,0.0007606017746173771
>=65,2022-01-30,FluA,0.000625166010802843
>=65,2022-01-31,FluA,0.0007249844293561512
>=65,2022-02-01,FluA,0.0007914425832429359
>=65,2022-02-02,FluA,0.0008185211921551163
>=65,2022-02-03,FluA,0.0010324968334108117
>=65,2022-02-04,FluA,0.0009211940341454101
>=65,2022-02-05,FluA,0.0009334173784151825
>=65,2022-02-06,FluA,0.0011650082906661246
>=65,2022-02-07,FluA,0.001227255411736775
>=65,2022-02-08,FluA,0.0011911870522707362
>=65,2022-02-09,FluA,0.0012226754113385664
>=65,2022-02-10,FluA,0.00099632219448957
>=65,2022-02-11,FluA,0.0014279147710972524
>=65,2022-02-12,FluA,0.00204805704913274
>=65,2022-02-13,FluA,0.0019995068152496207
>=65,2022-02-14,FluA,0.001794059233811865
>=65,2022-02-15,FluA,0.0018142875764812743
>=65,2022-02-16,FluA,0.0019251873311847858
>=65,2022-02-17,FluA,0.0019326145758373806
>=65,2022-02-18,FluA,0.0015010219992296983
>=65,2022-02-19,FluA,0.0007967966471170222
>=65,2022-02-20,FluA,0.0011272527940207153
>=65,2022-02-21,FluA,0.001140239834592776
>=65,2022-02-22,FluA,0.0015620523747453877
>=65,2022-02-23,FluA,0.001833226503631656
>=65,2022-02-24,FluA,0.0019361118112103833
>=65,2022-02-25,FluA,0.002249853706211429
>=65,2022-02-26,FluA,0.002493429397357453
>=65,2022-02-27,FluA,0.002051828791136502
>=65,2022-02-28,FluA,0.0019519985026269682
>=65,2022-03-01,FluA,0.0018060502875551418
>=65,2022-03-02,FluA,0.00152181039918531
>=65,2022-03-03,FluA,0.0015734111252486238
>=65,2022-03-04,FluA,0.001741074934905178
>=65,2022-03-05,FluA,0.0023988061387569012
>=65,2022-03-06,FluA,0.0022426781137764172
>=65,2022-03-07,FluA,0.002519533041794136
>=65,2022-03-08,FluA,0.0031237933688114906
>=65,2022-03-09,FluA,0.003435337798055467
>=65,2022-03-10,FluA,0.0031994052747571305
>=65,2022-03-11,FluA,0.003198595509063846
>=65,2022-03-12,FluA,0.002829014952244051
>=65,2022-03-13,FluA,0.003024441960256558
>=65,2022-03-14,FluA,0.0030049872896390968
>=65,2022-03-15,FluA,0.0023100249193089045
>=65,2022-03-16,FluA,0.00199023582219246
>=65,2022-03-17,FluA,0.002878927224103146
>=65,2022-03-18,FluA,0.0028701963317355034
>=65,2022-03-19,FluA,0.003178806128011334
>=65,2022-03-20,FluA,0.003968600794875674
>=65,2022-03-21,FluA,0.003996914823189703
>=65,2022-03-22,FluA,0.004154716516441182
>=65,2022-03-23,FluA,0.004954337068419097
>=65,2022-03-24,FluA,0.004185592889730192
>=65,2022-03-25,FluA,0.004057685650975757
>=65,2022-03-26,FluA,0.0038787251778976367
>=65,2022-03-27,FluA,0.0032471102922711427
>=65,2022-03-28,FluA,0.003789553356453338
>=65,2022-03-29,FluA,0.003354896735184141
>=65,2022-03-30,FluA,0.003055771995408019
>=65,2022-03-31,FluA,0.004017051965050137
>=65,2022-04-01,FluA,0.004056431749847818
>=65,2022-04-02,FluA,0.004570835042028888
>=65,2022-04-03,FluA,0.005615829651379933
>=65,2022-04-04,FluA,0.00543628588993813
>=65,2022-04-05,FluA,0.005932892412037121
>=65,2022-04-06,FluA,0.006191214593633543
>=65,2022-04-07,FluA,0.0060367714600838215
>=65,2022-04-08,FluA,0.006573397068915845
>=65,2022-04-09,FluA,0.0057917067853098525
>=65,2022-04-10,FluA,0.005197934360551513
>=65,2022-04-11,FluA,0.0056362772938359645
>=65,2022-04-12,FluA,0.0055738870114243385
>=65,2022-04-13,FluA,0.005730380006019341
>=65,2022-04-14,FluA,0.005487122946021634
>=65,2022-04-15,FluA,0.005650322580029294
>=65,2022-04-16,FluA,0.005582764522323453
>=65,2022-04-17,FluA,0.004777935548480395
>=65,2022-04-18,FluA,0.004841197568264154
>=65,2022-04-19,FluA,0.005034235523339216
>=65,2022-04-20,FluA,0.004575001200699219
>=65,2022-04-21,FluA,0.005081950391858936
>=65,2022-04-22,FluA,0.00412290323218919
>=65,2022-04-23,FluA,0.005184832971687582
>=65,2022-04-24,FluA,0.005555409217750209
>=65,2022-04-25,FluA,0.004666833795013296
>=65,2022-04-26,FluA,0.00504460472587901
>=65,2022-04-27,FluA,0.0052324568512517
>=65,2022-04-28,FluA,0.00470030850804345
>=65,2022-04-29,FluA,0.005316385282270605
>=65,2022-04-30,FluA,0.004501072946002312
>=65,2022-05-01,FluA,0.005056937315096253
>=65,2022-05-02,FluA,0.005493862132042027
>=65,2022-05-03,FluA,0.005710882710923236
>=65,2022-05-04,FluA,0.0059905559547761
>=65,2022-05-05,FluA,0.006096754101391952
>=65,2022-05-06,FluA,0.006203750044873952
>=65,2022-05-07,FluA,0.005926679009413759
>=65,2022-05-08,FluA,0.005156366419237675
>=65,2022-05-09,FluA,0.005201292907297746
>=65,2022-05-10,FluA,0.00466826879213153
>=65,2022-05-11,FluA,0.004400594537540276
>=65,2022-05-12,FluA,0.004991082093791986
>=65,2022-05-13,FluA,0.0051957200533041484
>=65,2022-05-14,FluA,0.005286440391494606
>=65,2022-05-15,FluA,0.005737569084291562
>=65,2022-05-16,FluA,0.005830719713835863
>=65,2022-05-17,FluA,0.006012778263865552
>=65,2022-05-18,FluA,0.00596234707721973
>=65,2022-05-19,FluA,0.005332957109850669
>=65,2022-05-20,FluA,0.0054943548999799455
>=65,2022-05-21,FluA,0.00549158215934765
>=65,2022-05-22,FluA,0.005331219527671803
>=65,2022-05-23,FluA,0.004970447701707909
>=65,2022-05-24,FluA,0.005033074378394844
>=65,2022-05-25,FluA,0.005010448104471239
>=65,2022-05-26,FluA,0.005225912419314436
>=65,2022-05-27,FluA,0.004853024410607768
>=65,2022-05-28,FluA,0.005268999833034803
>=65,2022-05-29,FluA,0.005546043970871433
>=65,2022-05-30,FluA,0.0050701707434992055
>=65,2022-05-31,FluA,0.004898775255385781
>=65,2022-06-01,FluA,0.005044930158219475
>=65,2022-06-02,FluA,0.005037549076669596
>=65,2022-06-03,FluA,0.004703081011823261
>=65,2022-06-04,FluA,0.004401275058404403
>=65,2022-06-05,FluA,0.004497569233645948
>=65,2022-06-06,FluA,0.005666931930975903
>=65,2022-06-07,FluA,0.005489621188030155
>=65,2022-06-08,FluA,0.005689758648295546
>=65,2022-06-09,FluA,0.005718701042863436
>=65,2022-06-10,FluA,0.006075366665978362
>=65,2022-06-11,FluA,0.005859220285452783
>=65,2022-06-12,FluA,0.005929618452714056
>=65,2022-06-13,FluA,0.005443782754700572
>=65,2022-06-14,FluA,0.005229198270453166
>=65,2022-06-15,FluA,0.00473916819513268
>=65,2022-06-16,FluA,0.004215741560545441
>=65,2022-06-17,FluA,0.004011535715091009
>=65,2022-06-18,FluA,0.004036377722197944
>=65,2022-06-19,FluA,0.003145747155756904
>=65,2022-06-20,FluA,0.002582774707374728
>=65,2022-06-21,FluA,0.0029525510566585584
>=65,2022-06-22,FluA,0.002599747150971762
>=65,2022-06-23,FluA,0.002388730873425192
